/*
 Navicat Premium Data Transfer

 Source Server         : huyhoang
 Source Server Type    : MySQL
 Source Server Version : 100428
 Source Host           : localhost:3306
 Source Schema         : sale_clothes

 Target Server Type    : MySQL
 Target Server Version : 100428
 File Encoding         : 65001

 Date: 19/10/2024 14:59:21
*/

SET NAMES utf8mb4;
SET FOREIGN_KEY_CHECKS = 0;

-- ----------------------------
-- Table structure for chat
-- ----------------------------
DROP TABLE IF EXISTS `chat`;
CREATE TABLE `chat`  (
  `chat_ma` int NOT NULL AUTO_INCREMENT,
  `nv_ma` varchar(30) CHARACTER SET utf8mb4 COLLATE utf8mb4_general_ci NULL DEFAULT NULL,
  `kh_username` varchar(50) CHARACTER SET utf8mb4 COLLATE utf8mb4_general_ci NULL DEFAULT NULL,
  PRIMARY KEY (`chat_ma`) USING BTREE,
  INDEX `nv_ma`(`nv_ma` ASC) USING BTREE,
  INDEX `kh_username`(`kh_username` ASC) USING BTREE,
  CONSTRAINT `chat_ibfk_1` FOREIGN KEY (`nv_ma`) REFERENCES `nhan_vien` (`nv_ma`) ON DELETE RESTRICT ON UPDATE RESTRICT,
  CONSTRAINT `chat_ibfk_2` FOREIGN KEY (`kh_username`) REFERENCES `khach_hang` (`kh_username`) ON DELETE RESTRICT ON UPDATE RESTRICT
) ENGINE = InnoDB AUTO_INCREMENT = 1 CHARACTER SET = utf8mb4 COLLATE = utf8mb4_general_ci ROW_FORMAT = Dynamic;

-- ----------------------------
-- Records of chat
-- ----------------------------

-- ----------------------------
-- Table structure for chi_tiet_don_hang
-- ----------------------------
DROP TABLE IF EXISTS `chi_tiet_don_hang`;
CREATE TABLE `chi_tiet_don_hang`  (
  `ctdh_ma` int NOT NULL AUTO_INCREMENT,
  `size` int NULL DEFAULT NULL,
  `soluong` int NULL DEFAULT NULL,
  `theloai` varchar(255) CHARACTER SET utf8mb4 COLLATE utf8mb4_general_ci NULL DEFAULT NULL,
  `trangthaidonhang` varchar(255) CHARACTER SET utf8mb4 COLLATE utf8mb4_general_ci NULL DEFAULT NULL,
  `dh_ma` int NULL DEFAULT NULL,
  `sp_ma` int NULL DEFAULT NULL,
  PRIMARY KEY (`ctdh_ma`) USING BTREE,
  INDEX `FK44mjqs3fj4n0g1n5bhnvms68w`(`dh_ma` ASC) USING BTREE,
  INDEX `FKnv8x94klk7xqh78ox9l9g25ao`(`sp_ma` ASC) USING BTREE,
  CONSTRAINT `FK44mjqs3fj4n0g1n5bhnvms68w` FOREIGN KEY (`dh_ma`) REFERENCES `don_dat_hang` (`dh_ma`) ON DELETE RESTRICT ON UPDATE RESTRICT,
  CONSTRAINT `FKnv8x94klk7xqh78ox9l9g25ao` FOREIGN KEY (`sp_ma`) REFERENCES `san_pham` (`sp_ma`) ON DELETE RESTRICT ON UPDATE RESTRICT
) ENGINE = InnoDB AUTO_INCREMENT = 1 CHARACTER SET = utf8mb4 COLLATE = utf8mb4_general_ci ROW_FORMAT = Dynamic;

-- ----------------------------
-- Records of chi_tiet_don_hang
-- ----------------------------

-- ----------------------------
-- Table structure for cua_hang
-- ----------------------------
DROP TABLE IF EXISTS `cua_hang`;
CREATE TABLE `cua_hang`  (
  `ch_ma` varchar(255) CHARACTER SET utf8mb4 COLLATE utf8mb4_general_ci NOT NULL,
  `ch_ten` varchar(255) CHARACTER SET utf8mb4 COLLATE utf8mb4_general_ci NULL DEFAULT NULL,
  `ch_diachi` varchar(255) CHARACTER SET utf8mb4 COLLATE utf8mb4_general_ci NULL DEFAULT NULL,
  `ch_sdt` varchar(255) CHARACTER SET utf8mb4 COLLATE utf8mb4_general_ci NULL DEFAULT NULL,
  `ch_email` varchar(50) CHARACTER SET utf8mb4 COLLATE utf8mb4_general_ci NULL DEFAULT NULL,
  `email` varchar(255) CHARACTER SET utf8mb4 COLLATE utf8mb4_general_ci NULL DEFAULT NULL,
  PRIMARY KEY (`ch_ma`) USING BTREE
) ENGINE = InnoDB CHARACTER SET = utf8mb4 COLLATE = utf8mb4_general_ci ROW_FORMAT = Dynamic;

-- ----------------------------
-- Records of cua_hang
-- ----------------------------

-- ----------------------------
-- Table structure for danh_muc
-- ----------------------------
DROP TABLE IF EXISTS `danh_muc`;
CREATE TABLE `danh_muc`  (
  `dm_ma` int NOT NULL AUTO_INCREMENT,
  `dm_ten` varchar(255) CHARACTER SET utf8mb4 COLLATE utf8mb4_general_ci NULL DEFAULT NULL,
  `dm_type` varchar(255) CHARACTER SET utf8mb4 COLLATE utf8mb4_general_ci NULL DEFAULT NULL,
  PRIMARY KEY (`dm_ma`) USING BTREE
) ENGINE = InnoDB AUTO_INCREMENT = 33 CHARACTER SET = utf8mb4 COLLATE = utf8mb4_general_ci ROW_FORMAT = Dynamic;

-- ----------------------------
-- Records of danh_muc
-- ----------------------------
INSERT INTO `danh_muc` VALUES (12, 'Phụ Kiện', 'Nữ');
INSERT INTO `danh_muc` VALUES (13, 'Áo', 'Nữ');
INSERT INTO `danh_muc` VALUES (14, 'Áo Khoác', 'Nữ');
INSERT INTO `danh_muc` VALUES (15, 'Chân váy', 'Nữ');
INSERT INTO `danh_muc` VALUES (16, 'Quần', 'Nữ');
INSERT INTO `danh_muc` VALUES (17, 'Set Bộ', 'Nữ');
INSERT INTO `danh_muc` VALUES (18, 'Đầm/Áo Dài', 'Nữ');
INSERT INTO `danh_muc` VALUES (19, 'Áo', 'Nam');
INSERT INTO `danh_muc` VALUES (21, 'Quần', 'Nam');
INSERT INTO `danh_muc` VALUES (22, 'Áo', 'Bé Gái');
INSERT INTO `danh_muc` VALUES (23, 'Quần', 'Bé Gái');
INSERT INTO `danh_muc` VALUES (24, 'Váy', 'Bé Gái');
INSERT INTO `danh_muc` VALUES (25, 'Chân Váy', 'Bé Gái');
INSERT INTO `danh_muc` VALUES (26, 'Phụ Kiện', 'Bé Gái');
INSERT INTO `danh_muc` VALUES (27, 'Áo', 'Bé Nam');
INSERT INTO `danh_muc` VALUES (28, 'Quần', 'Bé Nam');
INSERT INTO `danh_muc` VALUES (29, 'Giày', 'Bé Nam');
INSERT INTO `danh_muc` VALUES (30, 'Giày', 'Nữ');
INSERT INTO `danh_muc` VALUES (31, 'Giày', 'Nam');

-- ----------------------------
-- Table structure for danh_muc_con
-- ----------------------------
DROP TABLE IF EXISTS `danh_muc_con`;
CREATE TABLE `danh_muc_con`  (
  `dmc_ma` int NOT NULL AUTO_INCREMENT,
  `dmc_ten` varchar(255) CHARACTER SET utf8mb4 COLLATE utf8mb4_general_ci NULL DEFAULT NULL,
  `dm_ma` int NULL DEFAULT NULL,
  PRIMARY KEY (`dmc_ma`) USING BTREE,
  INDEX `dm_ma`(`dm_ma` ASC) USING BTREE,
  CONSTRAINT `danh_muc_con_ibfk_1` FOREIGN KEY (`dm_ma`) REFERENCES `danh_muc` (`dm_ma`) ON DELETE RESTRICT ON UPDATE RESTRICT
) ENGINE = InnoDB AUTO_INCREMENT = 54 CHARACTER SET = utf8mb4 COLLATE = utf8mb4_general_ci ROW_FORMAT = Dynamic;

-- ----------------------------
-- Records of danh_muc_con
-- ----------------------------
INSERT INTO `danh_muc_con` VALUES (7, 'Áo sơ mi', 13);
INSERT INTO `danh_muc_con` VALUES (8, 'Áo thun', 13);
INSERT INTO `danh_muc_con` VALUES (9, 'Áo croptop', 13);
INSERT INTO `danh_muc_con` VALUES (10, 'Áo len', 13);
INSERT INTO `danh_muc_con` VALUES (11, 'Áo dạ', 14);
INSERT INTO `danh_muc_con` VALUES (12, 'Măng Tô', 14);
INSERT INTO `danh_muc_con` VALUES (13, 'Hoodie', 14);
INSERT INTO `danh_muc_con` VALUES (14, 'Áo khoác dù', 14);
INSERT INTO `danh_muc_con` VALUES (15, 'Túi/ví', 12);
INSERT INTO `danh_muc_con` VALUES (16, 'Đồ lót', 12);
INSERT INTO `danh_muc_con` VALUES (17, 'Phụ Kiện', 12);
INSERT INTO `danh_muc_con` VALUES (18, 'Chân Váy Jean', 15);
INSERT INTO `danh_muc_con` VALUES (19, 'Chân váy chữ A', 15);
INSERT INTO `danh_muc_con` VALUES (20, 'Chân váy bút chì', 15);
INSERT INTO `danh_muc_con` VALUES (21, 'Chân váy xòe', 15);
INSERT INTO `danh_muc_con` VALUES (22, 'Chân jean', 16);
INSERT INTO `danh_muc_con` VALUES (23, 'Chân short', 16);
INSERT INTO `danh_muc_con` VALUES (24, 'Chân dài', 16);
INSERT INTO `danh_muc_con` VALUES (25, 'Set bộ công sở', 17);
INSERT INTO `danh_muc_con` VALUES (26, 'Set bộ mùa đông', 17);
INSERT INTO `danh_muc_con` VALUES (27, 'Bộ mùa hè', 17);
INSERT INTO `danh_muc_con` VALUES (28, 'Set bộ len', 17);
INSERT INTO `danh_muc_con` VALUES (29, 'Áo Dài', 18);
INSERT INTO `danh_muc_con` VALUES (30, 'Đầm công sở', 18);
INSERT INTO `danh_muc_con` VALUES (31, 'Váy Đầm', 18);
INSERT INTO `danh_muc_con` VALUES (32, 'Áo thun', 19);
INSERT INTO `danh_muc_con` VALUES (33, 'Áo khoác', 19);
INSERT INTO `danh_muc_con` VALUES (34, 'Áo polo', 19);
INSERT INTO `danh_muc_con` VALUES (35, 'Áo sơ mi', 19);
INSERT INTO `danh_muc_con` VALUES (36, 'Áo len', 19);
INSERT INTO `danh_muc_con` VALUES (37, 'Quần Jean', 21);
INSERT INTO `danh_muc_con` VALUES (38, 'Quần Short', 21);
INSERT INTO `danh_muc_con` VALUES (39, 'Quần dài', 21);
INSERT INTO `danh_muc_con` VALUES (40, 'Quần kaki', 21);
INSERT INTO `danh_muc_con` VALUES (41, 'Quần thể thao', 21);
INSERT INTO `danh_muc_con` VALUES (42, 'Quần âu', 21);
INSERT INTO `danh_muc_con` VALUES (43, 'Giày thể thao', 30);
INSERT INTO `danh_muc_con` VALUES (44, 'Giày boot', 30);
INSERT INTO `danh_muc_con` VALUES (45, 'Giày xăng đan', 30);
INSERT INTO `danh_muc_con` VALUES (46, 'Giày đế bệt', 30);
INSERT INTO `danh_muc_con` VALUES (48, 'Giày sneaker', 31);
INSERT INTO `danh_muc_con` VALUES (49, 'Giày Oxford', 31);
INSERT INTO `danh_muc_con` VALUES (50, 'Giày Derby', 31);
INSERT INTO `danh_muc_con` VALUES (51, 'Giày boot nam', 31);
INSERT INTO `danh_muc_con` VALUES (52, 'Giày da', 31);

-- ----------------------------
-- Table structure for don_dat_hang
-- ----------------------------
DROP TABLE IF EXISTS `don_dat_hang`;
CREATE TABLE `don_dat_hang`  (
  `dh_ma` int NOT NULL AUTO_INCREMENT,
  `dh_ngaylap` date NULL DEFAULT NULL,
  `dh_ngaygiao` date NULL DEFAULT NULL,
  `dh_noigiao` varchar(255) CHARACTER SET utf8mb4 COLLATE utf8mb4_general_ci NULL DEFAULT NULL,
  `dh_trangthaithanhtoan` int NULL DEFAULT NULL,
  `kh_username` varchar(50) CHARACTER SET utf8mb4 COLLATE utf8mb4_general_ci NULL DEFAULT NULL,
  `httt_ma` varchar(20) CHARACTER SET utf8mb4 COLLATE utf8mb4_general_ci NULL DEFAULT NULL,
  PRIMARY KEY (`dh_ma`) USING BTREE,
  INDEX `kh_username`(`kh_username` ASC) USING BTREE,
  INDEX `httt_ma`(`httt_ma` ASC) USING BTREE,
  CONSTRAINT `don_dat_hang_ibfk_1` FOREIGN KEY (`kh_username`) REFERENCES `khach_hang` (`kh_username`) ON DELETE RESTRICT ON UPDATE RESTRICT,
  CONSTRAINT `don_dat_hang_ibfk_2` FOREIGN KEY (`httt_ma`) REFERENCES `hinh_thuc_thanh_toan` (`httt_ma`) ON DELETE RESTRICT ON UPDATE RESTRICT
) ENGINE = InnoDB AUTO_INCREMENT = 1 CHARACTER SET = utf8mb4 COLLATE = utf8mb4_general_ci ROW_FORMAT = Dynamic;

-- ----------------------------
-- Records of don_dat_hang
-- ----------------------------

-- ----------------------------
-- Table structure for file_data
-- ----------------------------
DROP TABLE IF EXISTS `file_data`;
CREATE TABLE `file_data`  (
  `id` bigint NOT NULL AUTO_INCREMENT,
  `file_path` varchar(255) CHARACTER SET utf8mb4 COLLATE utf8mb4_general_ci NULL DEFAULT NULL,
  `name` varchar(255) CHARACTER SET utf8mb4 COLLATE utf8mb4_general_ci NULL DEFAULT NULL,
  `type` varchar(255) CHARACTER SET utf8mb4 COLLATE utf8mb4_general_ci NULL DEFAULT NULL,
  `sp_ma` int NULL DEFAULT NULL,
  PRIMARY KEY (`id`) USING BTREE,
  INDEX `FKbhrvp1iucfr0tapsyudg3x9gf`(`sp_ma` ASC) USING BTREE,
  CONSTRAINT `FKbhrvp1iucfr0tapsyudg3x9gf` FOREIGN KEY (`sp_ma`) REFERENCES `san_pham` (`sp_ma`) ON DELETE CASCADE ON UPDATE RESTRICT
) ENGINE = InnoDB AUTO_INCREMENT = 58 CHARACTER SET = utf8mb4 COLLATE = utf8mb4_general_ci ROW_FORMAT = Dynamic;

-- ----------------------------
-- Records of file_data
-- ----------------------------
INSERT INTO `file_data` VALUES (35, 'D:\\WorkSpace\\Project\\saleClothes\\Image\\f0205ba29e85c469ad5695ca9fae11eb.webp', 'f0205ba29e85c469ad5695ca9fae11eb.webp', 'image/webp', 77);
INSERT INTO `file_data` VALUES (36, 'D:\\WorkSpace\\Project\\saleClothes\\Image\\8d5a1c12045294c57bcd302714b7ea47.webp', '8d5a1c12045294c57bcd302714b7ea47.webp', 'image/webp', 78);
INSERT INTO `file_data` VALUES (37, 'D:\\WorkSpace\\Project\\saleClothes\\Image\\4501252c25e79cc43f9f18b20be5fc21.webp', '4501252c25e79cc43f9f18b20be5fc21.webp', 'image/webp', 79);
INSERT INTO `file_data` VALUES (38, 'D:\\WorkSpace\\Project\\saleClothes\\Image\\943c4559d295345b745d68fd44079f27.webp', '943c4559d295345b745d68fd44079f27.webp', 'image/webp', 80);
INSERT INTO `file_data` VALUES (39, 'D:\\WorkSpace\\Project\\saleClothes\\Image\\013c751875868ba97c2aa57aa953acd0.webp', '013c751875868ba97c2aa57aa953acd0.webp', 'image/webp', 81);
INSERT INTO `file_data` VALUES (40, 'D:\\WorkSpace\\Project\\saleClothes\\Image\\a627bf847a6306627222546049b6aca5.webp', 'a627bf847a6306627222546049b6aca5.webp', 'image/webp', 82);
INSERT INTO `file_data` VALUES (41, 'D:\\WorkSpace\\Project\\saleClothes\\Image\\e1f27ac3db24790575b8b000ecad5539.webp', 'e1f27ac3db24790575b8b000ecad5539.webp', 'image/webp', 83);
INSERT INTO `file_data` VALUES (42, 'D:\\WorkSpace\\Project\\saleClothes\\Image\\ed92553a839392d477a6cd93019ff024.jpg', 'ed92553a839392d477a6cd93019ff024.jpg', 'image/jpeg', 84);
INSERT INTO `file_data` VALUES (43, 'D:\\WorkSpace\\Project\\saleClothes\\Image\\4a8a68799dd32fde25aca938b14c5aee.jpg', '4a8a68799dd32fde25aca938b14c5aee.jpg', 'image/jpeg', 85);
INSERT INTO `file_data` VALUES (44, 'D:\\WorkSpace\\Project\\saleClothes\\Image\\a6a4b059944cc16e6be6f8a62c82783b.webp', 'a6a4b059944cc16e6be6f8a62c82783b.webp', 'image/webp', 86);
INSERT INTO `file_data` VALUES (45, 'D:\\WorkSpace\\Project\\saleClothes\\Image\\ea2d4df115c75606b4ec6fc8c02ef460.webp', 'ea2d4df115c75606b4ec6fc8c02ef460.webp', 'image/webp', 87);
INSERT INTO `file_data` VALUES (46, 'D:\\WorkSpace\\Project\\saleClothes\\Image\\ad69fe6821db060fc6eeac4b91a395a1.webp', 'ad69fe6821db060fc6eeac4b91a395a1.webp', 'image/webp', 88);
INSERT INTO `file_data` VALUES (47, 'D:\\WorkSpace\\Project\\saleClothes\\Image\\76d2a0cc5876f7b68fb8b9422d2b9b61.webp', '76d2a0cc5876f7b68fb8b9422d2b9b61.webp', 'image/webp', 89);
INSERT INTO `file_data` VALUES (55, 'D:\\WorkSpace\\Project\\saleClothes\\Image\\1.van_dung_tu_tuong_v_i_lenin_ve_phat_huy_vai_tro_dong_luc_cua_dan_chu_xa_hoi_chu_nghia_1713583023341.jpg', '1.van_dung_tu_tuong_v_i_lenin_ve_phat_huy_vai_tro_dong_luc_cua_dan_chu_xa_hoi_chu_nghia_1713583023341.jpg', 'image/jpeg', 91);
INSERT INTO `file_data` VALUES (56, 'D:\\WorkSpace\\Project\\saleClothes\\Image\\73a37d76-d1e3-4b30-98e3-a7a6b8466ed5.jpg', '73a37d76-d1e3-4b30-98e3-a7a6b8466ed5.jpg', 'image/jpeg', 91);
INSERT INTO `file_data` VALUES (57, 'D:\\WorkSpace\\Project\\saleClothes\\Image\\99d6d5c7-bfd9-407b-86a9-7bdbfe57e9c7.jpg', '99d6d5c7-bfd9-407b-86a9-7bdbfe57e9c7.jpg', 'image/jpeg', 91);

-- ----------------------------
-- Table structure for gio_hang
-- ----------------------------
DROP TABLE IF EXISTS `gio_hang`;
CREATE TABLE `gio_hang`  (
  `gh_ma` int NOT NULL AUTO_INCREMENT,
  `kh_username` varchar(50) CHARACTER SET utf8mb4 COLLATE utf8mb4_general_ci NULL DEFAULT NULL,
  PRIMARY KEY (`gh_ma`) USING BTREE,
  UNIQUE INDEX `unique_kh_username`(`kh_username` ASC) USING BTREE,
  CONSTRAINT `gio_hang_ibfk_1` FOREIGN KEY (`kh_username`) REFERENCES `khach_hang` (`kh_username`) ON DELETE RESTRICT ON UPDATE RESTRICT
) ENGINE = InnoDB AUTO_INCREMENT = 1 CHARACTER SET = utf8mb4 COLLATE = utf8mb4_general_ci ROW_FORMAT = Dynamic;

-- ----------------------------
-- Records of gio_hang
-- ----------------------------

-- ----------------------------
-- Table structure for hinh_thuc_thanh_toan
-- ----------------------------
DROP TABLE IF EXISTS `hinh_thuc_thanh_toan`;
CREATE TABLE `hinh_thuc_thanh_toan`  (
  `httt_ma` varchar(255) CHARACTER SET utf8mb4 COLLATE utf8mb4_general_ci NOT NULL,
  `httt_ten` varchar(255) CHARACTER SET utf8mb4 COLLATE utf8mb4_general_ci NULL DEFAULT NULL,
  PRIMARY KEY (`httt_ma`) USING BTREE
) ENGINE = InnoDB CHARACTER SET = utf8mb4 COLLATE = utf8mb4_general_ci ROW_FORMAT = Dynamic;

-- ----------------------------
-- Records of hinh_thuc_thanh_toan
-- ----------------------------

-- ----------------------------
-- Table structure for image
-- ----------------------------
DROP TABLE IF EXISTS `image`;
CREATE TABLE `image`  (
  `image_id` int NOT NULL AUTO_INCREMENT,
  `imagedata` mediumblob NULL,
  `name` varchar(255) CHARACTER SET utf8mb4 COLLATE utf8mb4_general_ci NULL DEFAULT NULL,
  `type` varchar(255) CHARACTER SET utf8mb4 COLLATE utf8mb4_general_ci NULL DEFAULT NULL,
  `sp_ma` int NULL DEFAULT NULL,
  PRIMARY KEY (`image_id`) USING BTREE,
  INDEX `FK7y9qyak2l9pjxtp508gt3yrg9`(`sp_ma` ASC) USING BTREE,
  CONSTRAINT `FK7y9qyak2l9pjxtp508gt3yrg9` FOREIGN KEY (`sp_ma`) REFERENCES `san_pham` (`sp_ma`) ON DELETE RESTRICT ON UPDATE RESTRICT
) ENGINE = InnoDB AUTO_INCREMENT = 2 CHARACTER SET = utf8mb4 COLLATE = utf8mb4_general_ci ROW_FORMAT = Dynamic;

-- ----------------------------
-- Records of image
-- ----------------------------
INSERT INTO `image` VALUES (1, 0x78DA8C7C055C936DDBF7544440096910C9D10394EE46C0110A4A77C7E892560411102901291110509A519253C9D10DA391EE92180CF8AE713FF79BCFF37CEF75FFBC99B85D671DE73F8EF3B816F144439990809600040211AAAA286A81403786803F60BCEBC06F044F162B801FB816506545D025F6BFCF8DF909201023485551EED98BF4CDE96057EDB10C198C078FA19961F58DB6F784A2AF985384DE6EBD5123657E0A3747DF555DABD98E695FEB15F69AB05994EEEBEF14A8FF64EBB31EF053FBD4B33EA026D14660364232204D7492E19EFAE45781F20F73664D3CD5A47328D89D365F8B08D0248E25E90DF8B5CB78CF4C190D517FF79D91C32A1E7D194C903A3B0BC3ACBFA7B51A7A75D5A3CF9044290E84BD645329AC4EAF5FBD4CBAF96CE6EA05F45AA208F6E70F2DD92542EC8B32F227BE37B02F20FF87B784FD1AD6F059E9CDD0CED798A6CEE42009BDFE8A1C4FDE61259CFCF15B0B7970B68ACEF30F3BE37B1D9D89DC02814AD88FA0D554CCFD306B43F9A546F7A3D7BAB6C993FA562317E423BBFC54C432A887DAD9A36C73942A6A46474625FFF42BA43431039F79D99008EF3C8BB6944A18AA1883EEA4F1E8C5C5E39B7352B0E6E9CCA2B59104E74D8DFEFC813C57B7E7144A3C367441489D22A363A022E0B2DE8C0A8216BD91AD28C7C23149CC6E334DC31D418835BE20CB3510E88B1101C19284CFB651FDD19ED78769315E26F2198E5ACDEF7E6E0E0E5CDAD6A3C14290C412E566ADB6019B2FE3567F0E2DA5EC1E01D3A7D7405EE47B394F1CFC5D98D3C4B4F63D03C6F432D0BB974C776CD527684D0BBD5E40D1CA1AD580AB92D889242E7C4C40EFBF599E1BEC0034CBF357B38A04A3E4EDCE8F763E8CAAE26E5CFEFE14729DB95FE79AC1E4EDD0B79917224C91D92A778E577B33D7264FFB7B0BBC8EF92EF819599DA99EAF3A077DFFD377363AE9A2D9DB222D0C6B6167D7B7AB365B6ACFBD57E86C2A1978EA6993865D6877038202BA0CC6EEF548D6D7EAB3C5172E8604F84CF8712D647F1016927216CC11ADAA10A6DE968E88E31DCCEFFCE4FCEE49AA60C258AE8A3A0B73A461E140D9877378160D3E10C963B9D9FBBC24BF4304E394495A2324CA2F1BBC6D8579D73D6F52E42AB188E4D9585A582BED751C22D7F407BE97484ADF33C45434A76F4F5137BAA1035B5D8AEB823D9005FEE8B8D0277A7A65C389C72902B6367FAC2BEAFA863DECF43A85056E72DB44DDC9D7C8E85411200582935E658434A75207FAD6C208AC5D11B196F2C23CCB39B7C9D55DFCE17D32C28A88C9A1889435540412894A49219792F8CAC95B8A999399CDACBD9FF86E03CAED50A30F7ECD39391D28DD5FF6819B7FE41D0E0814CB3078381FC44C1FC34E606B19B1F6F12389A580DBF99F2251A97B69EF2386042250A8946F6B147BE35351A9652F424A5CB7320DF91A2962DF959E7B38BEE2E5AE93B8BAD7E0D5BD44069FBF685DC037606F25532491E649B470E3BFC75E8E13C1AA02D1B0287F011FBAA579BE8746042731F8CEB73C08DC9D6EDF40CD11070F68576D0789C3ED378E6EAFCC32850ADE3FF9B95D2ACC20B67B08FC5D6C3746B9276633BBC269A2AE710B1D0CED2AECF12BDC76F97E7421E153626ACDF2466843677A36F627F4378F5CF3603B8371D0F63D7F2A8C846C70C6389FB934F2C2068CDD1F71D5423B7A904F1C915195FB94B64A0F8FEC7B7AE86315D56A61A727395D959B7961443C7E6F8B5E88BBCF6DF4055AEE00DD52E8F35B6608D2AADABE60B9D5B4ED7FA13CB221227DF27DEB17DA07F7D4AF3B66B3EE685E49BEE375CCE4E01F8B8A4C463C2FE26DFAA083314F3255399251A95DBD241E936C734E01388286932576B5928E9197009464725AA76E51819D998ABDEF1CF17AEFBA5B54219F3E46B05AEC2942787BDB5A5FC4779E4D4D5EA6910C7ACEDD8A5C287A995725741F1CDAAF612AFE62AB39AA1E31B109F485DDD47FC9E5E228FC328859050F55BDC0A77D29EEA1BC965A45B1A12E7229A886579B5FD2E4D933A1663A40D75F56290874C27E8D69C01E2D6B440E82947B9E4791A645F7B1752CAAC16CFCC47518D534D47BD434FBDA6CD8D9BD042A86F650E330A377EC6BC234B5E44CA1CF4A67BF5E90FF01F995FD9EA3FA14B0BEE858FAE7A27A039888A6DD45EDEFF82ED3A69294E7ABD799ACB6567CAC4F0D96937EBDC95537AC91392096C98A4129735472AB5EC8116C7065CDC6AB751107CD23F32F965D8255DC11625C5D697149E3F9111A6FA2553C0D887ECBCF5B99A3ACCCF5072239F94FF3EF49B930039336F878C2288DAB5C4F9232AAB4BF35CA13DF584E5258425B8F846F30A21C95F22B44D1FCA99CA45CCB7777D4B3FA9F2A78593CCC5CABD7FE98B5FEECDB9982E2ED495DB21CBD483134FFFA75A6A1D1EFE088E24DA49A69D71429704739BB662DC9878837AC3A0D4DAE161F5D7A9B5C2F326C2FE6D93D432F2CC0CD5C30F1E6BCE249D4D5B0C3C89AD56F05C9CE8EEDF53CDD54F1DBF56128B51D2B03E276A5A9FC782186776867B06BBCD2AB7E07CD40F8E994E51C6CFBB9347CEAFCBE49E732C7C4BB96BA18389CC63EA24C91FDC374176174549D8094C7E99F3535D3DBA0C58ACAE73315154A4A37851CEF0839768E157171F39AE837E615D5C18BBE547EF753F73D4C2590CBA722C36FF558AB1372BACB14DA9F2B27DF016C948385482970657AF6EB6565EF72FE0E8C0A51D13EEF2BFF1A49F79D2465FE408AD45D426845794B036D921DBEA3FFE965B629BC7501589CA118E971BE47FC913C9AED175B1CB567BCEF03EBB21BC52209494BC42249E4D372F09880200B03A35B354426DE2932AC280A688907A4AE3E6BA08FD0E8228B8EA2AD151717124A5C73BC06D04F49B09974AD340DDE39A78604AEE2533592A7E464CC8190B78AE050B599141DC9314C4749DE0D995D6029902BFBA1B1541A77828FF7FC8EF0A5CF4F3E49EBD019D50F281AAA0FFEE1F7D0C892B6756632506B1EFCFDAD52722F9A5597F7CDDA6B49BBF79DC5365F3C65B3C9B0DB6890C729702642E63073D532B3981D00908BC4C7973A5B170E02C637AD9CBE6F1A22BDBDB5E9F2A3DE9E355D14610C6397F49AE3BF42495EF5BF6175AF31577DE2A467D070E9E01B1F68205F5F8E4A6E446C3DF6066B423D8691632648330F72A747D9C44917A88A6BA4192FAFDA831827FA00BC554CBC952EF0DBCADA4D15BDCE85160D369D087111BA2779A8FC4B885AD6D99C10AAADCD6D81FF9097F259A91E4D54AB657659B6E25BF6B74F9E7C28328FD029FF197C9E59A978B1242393BC394D753E6DC65050766BD21B930B84CCF9590463E02D95F6E3C073FDA0891899BA80CDD9F7835CFAEE60A6D0ED92E6367D62FC59535E97F7D9F9B605625CBAE2718338111AB224543741F649259DFE4A6E488BF5695FA524B0C43830D70DEFA4F5D92851659E730C31D297C77DF037AC89EC5A30A702031F444083C3F4B90C46A9CF6376BC6B8606BB1DF7BF897185A7C60D322D4568444E0E43F88739516B51E9C2082660F0F05BCEE0104855C71B56F419EF05B449DCBC589D3472E1F9C676322243C1E319BD5CB636BD3C802B56C4CF66627381562B3FF4D325B6C7AE7EB885ED1FEAC665FE0D7D8738422814BFE7A92F2C2E42A39BEF125D9B50DAC86FFB954CE21311694FCA934D459EA17D865E15B6A711619DF66FA3AEBF84C4A576FA4FF32C518A835EA627BD6DFD1DC19CBA0AC63B807A5A485FACF2F3D44F7EBA149990F59AC7484086868F313176235D5A4FD7E6AAEF078B9DCE5B3769633A5E950EE153688E493BC15FA3F5387E51ECF9BE6C532244A01D9F9223F7DF036D743F965B3ADFB9BCD8B9454C6F84918C65151717FF14B08F5433BD29AB334796A118D7CD3D10E1BBD67E29C214CAA39BD0F746BC3CCDCF3E506DDB795B1A68C4978D9C676A29BFCF71C27F6CB6F4852B5CEF2B467621DBF9C2FE2364E13B07A843D4330D0402579D28B2EBD0F4A1A49424B4B4BCD70E32755865B964B091C54F94286275531022E76D10903D0460CD98B36046C056A2E9C581070CADFF7EB4BD72563C8CF5A421EF397E6C2731765EDE292C11A684BFC9A5834FA5C65126ACB6607A662F7601504E073E2756F3EECB460F76CF244F08642D0B159F9AEFEB7D0D80772F6483181706F57C679B861F919271EF9CD95F63FE096214E1611B88505E48FA74D636C37091ADBC074A8D7DECE26A65F8AB8F9BECF15925F26B8BFC52B4353DB08E34ECFDF71AA9727272149ACC7CFD4FF80EEBF4CB635BDA78D5678FC3E1FEC2E494168152221C17AF965102BF4296F618461D4B1B8FE2CC2BAC760170CC94C9E11CB0DF5090F0B06650E349F2E058AE33DCE12B24F6069971E6E6D27EAA9BA885AFF7912698CB3D28819C5A6D864005CF370A9E17BA3B2F4D3A54A5F6D8948E49ACC4853086369BE70C7CC7D1BD0982B28593666831B3963F01B4879A01974BD6673DB5A9E135BC1451258B72E4E442B95D6576B67CFE50EEC2DAF2F78FF54B4D1C91218CDFA79D93BB94F02214997B7A7A42639F70B430F411EDBE908C8703CD1C1D1F1FDCAA889365EC9F9A82A07921A4B4498C0BEE1C039CACFB2C22B7408C8E145F2C0729463467E91BD33F36F1CCA47EFC982A2A329AFE13CE49476408A19C786659AE17206D0A26359FDDDAD9A1528ABBCF12C9CC538FCF545C5CECE4E4F4A7BC7D21AE0107F9B6C7862514E7F54F4F44FAD2C2D1AEE9FA4216F374ED5A455E9A2595858753CA1D40A4C62E0D6AF992C9BF9DA791ABB1D81F3DFC39A0EC302AFCECD9337272CC988712F3DD79DEC291C778E506C545300A9C577CEF690A471CAA0C6ECAE1E1BEDEBC764E59FC9AB3D523E5E8E88845F97DB72FFAA759BF4579D9F6DDE42E0AA2601B43105A455B7B68F7415294D66B6148DCEFC49099067887EB46886340805197147E9C4AE8C5A32582C29189C1C1ECA50EB1E01A40973376E516EE8F6E1C2A32BA69518F5C661ECF0607EBEBD320E461FC29D75F818C61792C5B5B5B41884C12D23BB8191AF916CD9E1CE4EBEBEB0438D7BDEB33A445034E1E9C27752D65738FBE92956D2C1BFD2E2A252939353C2C98A9ABB6BEB111FEE6CDB21701B89936C9B346C6492FF2514E44ED917317F951498CF4D10B49CFF446C2CF2EE4BE7FA85BDFB3211761A1DE823C3FBB806EBD14541D0B62A924E02461D79DB6E4E0E64E80C12CCAF5EC6E768FC384EBA7B70FFDCE83822D2D737EA7C3EEA69A46E731C7BD455A59847F3335042E0F0F0F5DDD3149D3213A35B6A1B939338715A36A9D6732F7EF9F66E6E23EFD2EE4E6E8F07B4AEFE07566D78CF48EAB68771DC65E39A1797E2E5869AD66B5F826A607042CED664F7EFB82BD93D352B03F2B8B70DAD6EE7CF34FB327FB3EB7B4F0223480A5D4599B5ED3242750ECD19CF7147FFDD3CCD6363FA95111ACC646366D103A2DF2ED979DA0B09090978F4FDFB1FE7058B379052A7D422C59A85920645B37A1A6843808AE3D53A6F8DDDFF6C6AB9748ABF886C3F8069A8D9D9D1A836260BE2B61EAD55484C6664461F27FC8284E5F7E92DF30F3FB782A2D5C9963DF6B6AE9FB5777FD97582A73F0137D521907F0BF2E5102DB19CA693CCDC6BD1368B3BFDCA16EEEEFE6561E004D78C201DED1737274AC98DC72AEF1BFA6D9CE451D7D58D9B564F1FC43F6E9A95F669F48A923353DFD0CDCBAAB41E31AC53A2154A730511812916D57815A3C87AEDA01F6EF252CA15A02821F512A415678EEABAE1E6D529A1C10C5AB4510F24387159FE951CE8045B928DDFB9B92C92858DE56C57E5D8B157F983C137A990B080B6BF9B49E368414B02361F4064F91CAC06E0A0C6CEC4C7FC007B4B5E8FC0A8A3C4B269748159790C067F2F0164C51633B7A1918354D09AB995C81713B383A5AB2FA1364E560DD597E6EF97EC9D7AF27532BD2BA8686DCA50D4EC2F70CA5ADEED356063D4793640A77D0463F42DE907F3BB6914BE6D76882CC9BF86D0CC3F526DC840671B56D7957E4AA57CFA8EAEA2DB1FCF93D801BEB7EE0A0974AB66167F023937CCBEE37D5C0F3CFD856408B00A616DAD9DB9B778517DD1FDD39AEA9A9A9B0C449619DD1EA59722724227298DA8B1666FF72169F4471F886751FE54D7474ED26B7F7C000CE37F733ADC92DE2A67B31D303F0525660E222BB9FCDC022522F93BB370EF7B9E3B2BB076D2B8E8F8F1D1BA6055892938F9FD126D5D5D56D7A4B044229EFE0EA5F923A8AC82B937DC121CD00461BC6AFED7BC32E6BB0CC4A9016EDCC308A6899888617E74470080965E57076F5A4AC8251C152C59C1A9C9A119DC5DD9CD195CADA77BF685F9365FBBCFF0613FA9E4DAF4190557CC968B0801959586650BC594ADC73CF66F6F1912E84FA0E7C2F2989F2821C1DF3365300151A6FC78536DF84FA8106BF81CCD6B2FEFEF8FF0646C80EA741F5AA0B4BB1DD5A30FAEEC5AB568BAC60C4AFF9071B17FB2F24BDEB8D2F929FC55969B4E2FF8D8F98088CE916D052DDD0D7C9AD3C171F216710012856FE6BC33550BC8024CBAA8EDA4C9DB4E8E95B8B6CB2DA7A6F6894FC9179D463A9B1A929B5C963C471E38E2AA5B57D058ECC8DC9DEF852FDAA4C56BCEBC65C490C392FAAE2916B8F3DE0BA2DC2BBF8E1CD308FD3EDEDEDBC3CB60A1404419512BCB17A803E710A199E0D664B4BC87C42AACEDA2E2CE42E4A07F3D148D5C8DD1F0681BE8575DE0331721E2AB2CBAB8049B31C6B1EE53C24271012161EACBFFD4CD873677D3DBBB0BA4FE652D2B03ED789789F6631E5C9FE13761E5B64CCD30603E4A2A06164907DCD242B5FA89204FA3CC87BA7B46FC543942E3A3A7ABFD8DFCEADBB44598B75C88725BE8666DD639F8CEB91F6004A929E5846E5F20B98EF1AC8CCFE8B88143D10CEF805111A594F3AACF8CB6DF09366C19C742BE999717D8C7DA1918ACC181FA14FB9EEEFC00F23655E16330FB1B0C4E199F24EC284FD185AE7E6188D2B6D9CD8817DE75C33B480EA95A18C0A9BB6EAE6B2B92040F9006FDCF891D4F74D348BEECCE32E0E13EAFD2395FCEB2F59DF08B9805E8A81A19E703D4891FD8B6B7A08789289AD8D4996C681D02CD25E9C6252FA6B7D7D1A8F71427DDAEC50320D5138EAB1802A7CA189199D1E495610FB0C0D50483463066079A9B9805B7D5956F374AF350A255195694EB7435213842D37346A7E22CD651D56F537E68E83ED5B190F0333E25DDF585E1E17B47680B64BBEEDF4643E4DE1DD234B461233478C734D9AA9A3AEEF713C4C0309846081D9830E83197BDBDB8109B2A6B485D5711A00A4DD996603811C7E6FF4B6E8BC1F21A7EA3A4ECC6F30D9693892CC7AFE9911EF16119D59CF109296DD8E8D9CA965CD73F02EED7A4BCCD774A50FA7E2CF54D85658B2C97597ECA908369498A6920E2AA9C2826F9855A0A69C6B18F1E65D3F36599A27B0FBF3447AE8E8EA76B15B692ACFD27F04D087EC738A0E8681CC9F473A3366D69E1CC4B8B578AFB0672C4B219CBCBDF4518ECCF6367DAD9BA58D8DCD5EDF75281B8AC14E5A8A05A2477F69BEB404BD8D735D23DFE3673EF4D41C9E3EB9F5692C8A10E77A24DF03BE60321023F44BE1A41598F6BCA77E47BA3EF872403B5FFABBBB35F6461ECB72472D0D76C49664B12DB8B1C500D89C4C167C04271E2F53A82BC502F390129BD4E90FA60DF4329B9BACF72E1E5833F23F6A1014F434B702B3B61EA7535212259F9BC34249820C90FA2A16373A0CF66FC6B0AA286AA9C51B80123314E00947765C219E5CA08ED061DD19DDEC8159C23B018E632516F2784CD6E2C6934D817C0DC72656DF22776E765C3C104673115D96BE68622B376660087E488D39698B46A150585F0B02FDB0C86DDA0FFA56BAC35958F5F19E7EF150E0D6AB5B41420F48A21FADBDB568A2E5A67B2E1DFD1C699F73AB9B9BEE7D728F398C3EC6B62B8927FE9915FA70459F74524F90968EFAEB6CFDF152CD4C5D51ADB9BD3983DF22EBD6F463F75553806B54C2811ECE961BC41C1D69B42CC01631E31F2F1791D3B8CD8B8BE0FB712B8555353567E741F22A0FA83DC533223341058B95E53C5E2B1444ED5D130F84EB0C69A66FBD6447DA745580ABCBEDFE4457D88AEC4C89E50C398DD7ECB47AACF0E6AE3A5FF3428F15B72024AC113CFB15FD081C10A80C47CBD45797F68E29AA01DD2E2535B6E026DF812E2FCF696CAC8F8AE2E6E6EEEAEC5C7DB81F2094D6338A42A9E2ED9D9DC31CF5F013EF088737CB69AE94FF4A76CE28A4E76BE73573758D9D658A3A722FEB71D3570D3CD9353F7C203C4AF88B2FBC6BE5597AECCA01DAC0D010753B8B952AADA1AA2AB1374553156639B0BA61DB37BA33E51B1E6B18FA6EC373E9ECF87213838E826A05F0C90AFB7003EAA19A8AFFCC8929734B273E66D1F1129B39B40116811702997AA27DE0A9A0A0ACD9871C18C8CC142DCFFF62757E7AE8E5E5B5B4B4C4C53EF8F1756FAF86EAD3A607B7F1C2BB7A1F545F5C04E918207D303D5DE06ADDB35361C9D3551C26117C7468AC63B6A8DCDBA0C96ADDDE74C0F4861AE611E2BE8659273FCFBCBD61D78970660538FC42BEC7D17405B3815DA58EEF959B4ED9631B2223A3D5828274128113E57E5EC6579792D24DE84B6DC8F3C989894DEFFAC9ADD10B45C8B51200596E3EB4230E4FE8005609DF57F81EB2145CCD67586CFB9E01411F1373D75D9DBCDDB2DC50B7347E66262331B1C81CE95005CFFCD2639370CCC75394C3795997481DF4F053475DE2228BEF2876D162090713CDBF8D6D445755CDF271A6A4A6F253DF01461DB00BB7684A1DB0ABD48310852B9C55EC66960D856DF98635AB5A3951A7854AA6452FEA921A86FDDC6D7DF3866AF6450E6CB6095FDE39E67DDB6CC041C4BA43937984AB8C6AF630E2CBF880E2B1B0CE9ADD6FFC4C75D6F40AC3080D69515115AA62FD5C47415A54261B146731989DA23E711C8BB88EB55788CB9C806C99092DD37C8523E72A4AF728E7A974BCE63914D835FACCC6AAE2A1248D26A6CF9F3FD7D5AD7118E16ADA640B05E46CF576971F7855BCA473BBA0A8EC016DF49F87C5D4E073B027CB64303A39D87C36FB569766B2E541474CD67929E633A0DB9CE07F1E2E1DFAA19B4F0A13FBC4C4C50B44B326B7A4DD17F182CB7E172E9FB9690FE6261012DCBEBDE1E0D054EBB5916BD9CEF6E851CB427BE6D792D1C13241F6ADFBEABE43C58A033E9EFB08A3482599C0D8BFBB189D5843D01A208498ED2B9D20E0EF7248ABF00D2B5F32254D33299D2DF376DA182D1EB1ED0D586B3A5B04845BC5F165F9EF442F19BEEF399C7D758976080953EFAEFAC4FDA660AC52C3429D62C6D846E2EC23369A81EFFD1FDB2BF3DB9796FA1E978EB918D58FEA1B148C970D8F8CB4D64C955DB08EAE5794BDCFC36CE864BB288DC7FCDAF296A02352ADD19A01567EF0706F6FF6F858A6D6B25D0A57E1E9D3A7797CB74020F794EF76E144F70D30E058A9A40B62C1E23E6A3C9C740D767F883D0B5217A095C6F59B4FD0724B7BB33EADC947C89E34C4C902C3998DEDA5B28FCFC960EEDA9AFD457D7CA6964170FD62C2CA125F45AB85FE6E292F13988E88EF8276FF24990EC4CF2B0010CF5A75B744EAF248313839F81C7A3BE19B22BB49AA85FEF3DF996FAB2BD95431645250EB209E382D9597D75F368477DEDB276B1C48FA7D0BEDCFBDB4A3F8DC79B747ECFCFC7CDDF07561470543EBAF45A3ECA106705430F3C4602A25D9E5079846080E07480F177BB0C4D1FF715571BBE46270FD09AB7344D6ED1F7FA88F5E06752DECA92479E9D791351E2707F3A287909AB6DC3DFB551EAD27ECD93CC59CAC7B9A38F84F406598CFFBB8A0279F5907224848231457D7F9A64B8D81BBE087C903BBF195EC4BEFC3DD5B15E7AA375E81A6753FE44AE843282F6ADF6AD525603C2922F734150D0D12242F22C09A2F07A939C3B03D22E2AFA8C107EDFCBCC510B05535C61F48F119F99A58FAE31A548FD98034433E2B16F05A5B94EB6ED03B86286BE28F2A60E6D904E5BD5AF24C8D254F315F0CD940FAE817D15A8BEB1F8E543895B07323F9BAF31EFCD7FA48A14020FE67E4E1C618F013BA38A498AFF8DBB6FDFD5A8D134B63E3BE227B54EBE0F0F0F0E0207C2EC90FDFC00ED0F2D2F5CFCE3CBEA597A8905E2A7EAF643B62E5798F4EFD3435CD67DAD503DAC737E64DFE9DEE7E9DF4338871E7F3240E4836254991BDEEBEC4EC6519358C22DD25C2E65AAE877432C6D3BBA4A13DB50358B6E5CABCD67619E48AE2757210E496DE012E48E5B1D440C4BE5F63518011B802A5966FF1EA31645A75DFA89220F3C033B554311E2CB8B7A769256DAF1E1511FC98F21F33142A26129AAAADACDCFEF3F5ADA5859C8505BEA34329CBF2674949CC273CE1E0B31BEA996326FE84D36CB5BF4F0F3734A5D15679A5CC3C4917220C6049FABEFEFEFE10439F909F73F3CDE155F9976CAF6771402A999E5E69EF147310BEC7D3B6C73B327EEBC3B75095E74EE2FC9C5ABD0E550EDDB2C8FC5DAA970DE08EB91D18FF55C425FF4B4950D1EA030F3164ED50B75C4D0577A8B3B646DB41DF58723AC3423329539C22859D26ACCAF5748A0D12D76E23A576109717BBBBBBBF65CE42ACF625CA389762413741689EC3C4E344BB3F3E376ECC4E54157E24915749D118AB7699BDBDD34885B4DBCBD83C68B79273A65518A3245B14B68DBCC76A7AA14F94E254199F57ED3499B4D685B44D484870693C1C75093E9BBC4DC5FBF90217E0F64280DBF90E0FA5ACAB283D580ABDEA4AA5767F94E2E2EAEDDE6B74C9C82EAC05AC67620C523A7AA92FBB0B89749F7B0BE952CF452A3EC48EC4E071C8547CEEF701DD72EB2ECA2612DD860B4C17ACDE75FE97FF4EA3321ECDFDFB523EDB46797CEC97D34D81F5A5A57C247846F5DE3C4363005BC5D600FC1EDCEE203531297137A622EEC0D2F22281DDE7DE1DC8498F15FF40609E1E6A626666FBF80C9FE9A759FF9A275790858A3678555FF0A9983E115D8A66529A456C5A5BBF906FAC219C5C24512C01E84663F3A20435A4B9BBFA79A1CE40AB0B924BD49016713CE3CF7AEB4079B019B0ADF84C5555559E4641D4E84D0309A9207DF46282A649F0F9A10C669EB8C679BAF34F15D66B660DEF70E9D93F08B03E586638FE83999E6904A605E89FB2BFFFF1870FBB3F5D207ED1E6F60E4188CC59239D90D93A28EBADF7DDEC5DEAF48B79529EEA0FFBE53EFDCE135D49E77496CEE42327A8AAAE1EE42BD6710C0EBEE4EF83DD0E934F1376AA033A650F3D6E3C9E911017F79BFF75535C054FBFD6DD5A41A1B9358A4AF9D123201046FAFB9F181AFA03FF28DFD1167DCF65EA7BB9DB425B444484AB6843E09937D2DC535EFC232A39452E9BC3A4CE730DD8CAC269D14BADD803F6C75F827AEACBCA5C15D08DB3527FD702A8F70C1112DE97926257560E0EFADDF2299E5475378D39350F904F9C9C9D34A3D4C5B9DF526D6AF7BAD63DA485A0D296598E95FC793D4C7F50CDF30FA0798C3EAFA796D34DDD001FE95BD99BD7DE517860FD11E5BDD27BFF025A77370BAC15A7B3784FC41960784242C2D0D8F87852F98EB0DB546C6C6C40806AE0890171006F1E9FE337DACDC391B3032E184C1145088481BB3D6A521160A08262277B3B51EFD34ACB4307DFDD348B9F13A3A3363593D3CE3E707B85ACD823437C8A9CB9F8389C5A7B6263C380D8B4C7916974FC9382752FF62C5679EBE6D4F1CC196AC112302BAB50E164327961E7A9EFF64379AC8DAB9032E7E93ABEC03528B10C66379282FBAF137A5F0EE333DF8D433F4BA7AD639FCD07296AFB0D4BB28C66FC29E08CFEBF5327561E6F9ACDEBA77B6793BF85D8D4E2877CCEBD954AEC9E105EA23AC35ED65FA502FEED5EBB6A59FDB158255023481E3DB4A7C646768EDFFFC8571CB0BA7AFEA770F9E41FBA254648620D75F5BBD81E71887D4C1AF8B310E63459CD2AB109AC69D693D50C9F19D5C9E7B6DFFCB76B6D77661AFD8F36BF7DFDDAF1571C160BDAE839DCBD837B1E24B355A2F11CA35792A61B69281E64878A35479E56E33391919131049D982B28DC981D3C9FF1DF99FEEE663959ED84792C7CDFA8D69D758B2B8BD7A4E1BB4D4F2A1CCE7F3A3D3161D0349226F3CEB5EAA4A5A5851FA56D6D67C711A70243C1733FCB0E9DB95AE9C9CF34BB5C077DD15CDF291BCECECDCDADA84890B6C945CCEEB8B8B8D8B67724C736CFEFBAABA8BAD61A09366B41F79C6A26AB04E12BE9009494F1DE8DF46A3E98D582BCCFCFCB03171F60EE27B0B0B06C427DC3CFF91B6A488B1F632B38D804126B00FD919C181FB744B79E1548E82F76F90194D4F6CF05855EDD69C335D0FE8FFF664E029622C16F75DD9B91E9C7998B0CA7D73292581294BE5C0341B8B1F98B0FD14A392EE952F5BE2BBD3419CECD8085FA24E1A3AA13C0F7D2AFA0A4ADA248879BDBCAFE33DF59D28FF9A869C0DAB6191A189C682F26B7F4A5C0E463DA2D85D3D6DA13F72DC1359F6E5DBF96E402B810581696C81F504637051DC1CE7B337CF06A953ABE6BE836055FF6F566223E46FEF6BFB66ACC5BF9D51A69B4F9F0F2A5124328E00D823FB42F944F6ED11E90803DB83454F0EC9D9C9C1C1D2D4DE1C8E8479650E8ED69E5912DEF2125B7BADA84A30C736090A4807B07DD2C3D3A747AF16700D0BEA4FBF84C638A6E2124E7D54EA5E96264D18FD02C6B06FC3C5A408757E54B1F47A0A6A6D43CAA9AB0E998D108FB8347709AD4D4543B5939513A670787ECD7D3D3D3EAEAEA3615FA9F8C7FCCC66F1FA04FEACB475CE63484D965CC1F503FEB26CED3634B6D9E3763AA07DED6DCDCCCD5771B147BCCEF11CEFA32141C49CAB8D004ABBAD8D85BF00A3ED45D109F167A4A17D30A0872AC11389E16111343124529327BF2A4909012844D4C4E369AF04D6F0BE8D3B9E8EAEA7A78780407231803EA4A1DC1A4592CEB02C363635877F87676672501515757B7BEB141CC20BDE95E7BB260EFA6C650B1C9F346E77213EAFDA5331D130AF4A5E8347F1506084699563B41B87AE8F8E10D10C4F06B03D3C16FFCBD057E4BA31F2E96D54311E505114BEE0946FFCA34AC77763EAE8E0AE020E74F512BF26DB628EF374871413E6147493F0FC44DEB0190A5D164E7BF256D9499EF1AAC0DDAF350DE9EE488E02B42E19DF1F29CA32C91E991648FCB184218F190D707801D6E78890BD2FBD4EF743D858AAA35FBE4595EE9F5651DF2CCC790B468C8ED7FAAF04D10418180EAF3F515936AB3282F935EBE69763E64E057CA993F447307B7C746E01C0E38B1A4D62BB8F59C7015EDDED12B257DCFCD94A9ED269F48D51A4C13A138AE224A67A34B042A93CCDA7FD35DD8909FED292C7EEC166B9F5B21A23B5BF1EE37E03ECEDF54391AD638174B7B2C438FA775FFBA9E3ECD1A5A1B7F5859F16B61AFDBD1C6E0D71BF92CF48CDBF8F8B85DCD245A87CC8F258723F295EC8F95837296E8BF7240EBD81C90B2AE6F4D2C3607747878B869F8D32CB689A44ED65990764D02475EC5C747A4B03A3C3C3C6E0A07D445273D1BDEEDBF9A15EE372369F2253375A4B8FB4F95ACD6E989D5FC66B1323D2A6DEDB6BE965F63D0C24455EFE0E0B76F9CAF7F3E3131E94D9EFE004081ED76C1E7B06F5749A3B2C92DCF27B971AF95FD9FAE06AFD10A6FDCCC6FE4C0FCAAEEB1F1A89FBE3A923A257A659C3FB4F60CA0A1DEF5750774E8E6DABB473980F2B50E642489C5A88DBB37F5AD2CBC8EBC064A6232DF637A7BFFFEFD5BC4F41F6262DEC720C6C78EDFB56AE91B44CED5D0C56F02F66426E86CAB30D3E8F2BBA7E5F5E919FD6FB2EF9E4F9F9A6D353E0778C235AF94D5987F3F2D73E84A19C69E0A73DE69B47DE62FEB823B2F720D34C86E3CCDC632B0EA3213788C3A3F8BF9247E28575083C8702152DAC6EDB2EF0B4FE82A6EF97E5FC29B7C23AAC0D994EBB19AEDA9816C01C7C3E75E1B16C84E0A5F23EFFC18C60485E08723B546253F7FCA455F3258D74CD6D7D50D06AA02A68F9727F15845F074FDC78F1A9F2D839CA1DAA34D5F7BBBD55F1D2AE270764A232DA8C633FC709609F81478DE353E3FB6AF94D5F53DD0A869359841433ADE23C2EDEC78CBD8D0B8F674B4B5F35B4CA42599F8C3A4356E836D4F8B2251E172BFFDE6911ADEE2C26F13353E9A79A51CEC11FCC8A31FBD4A802FA21D6B38D80C03B69BDABA0C0AE15EB3C9CB164AA2953754B5353936303424FFB6BC5AA7742C7FB79612F333775191F2A6AD202DDA55741F0511C919E8F07B0898EE49F5EE85BDCAEA6A78D3FD430A466468E8C6CEE20A3814FB9BC5DBA7E4B028502AB16D054A925E130A8D020220661C56DD1C4E7CEBF54FAB3402DBAC7080CF7A33245C10818F45F6B218F16E5EE7FCA87906F9F2449E9C8CF9AED2DEA7FD7D6586D97A775683DD6B20102537A088A18181BDEC9F38961FE96C789AFACFBD32CD105FE2E2FC5650C0EC03553B3536F031281E3D3AF23660199CF4592C6489AFC063D229AC42203275723DD3333AF8CE49E50D0C0CC42524D6920101F5A94353A379DE88978A814879DBA6161033033BF03DA537CD48767001DA9537B96BDEB54C68B3B757E3144214FEDA998F9181C9876CC1FDEB3E5BE8870F1F3667CE5F00B642484F035BAE095255AE41FA148DE6343692ED89DE1393115E96F175AFF9F92364167B2A55154951B4B5B5253809A1BE239EA1D14ACCBA64FB943739CAE9A5D762C75DF9B7230ED6F5162858F5138EE1F1711562D18093B2DFD6636363C4848477E53141C1818152F78ED10144E139E5E571B32551DD14409F979B9F626C4C906C608FA566CEDF07F38B2C9B4AD7B0A2B02DB769BF4490BA09EE7B10E3EF57D2BE101AFB97A6F5A1A23A00346D7E74390AE6A99EAAA994149BA9A404A0E1DCC49637656C1BC33756BDF7C63F00B09448F6FAD4BF9F610D88A11FB35FF888C359327B3ACC5C2816C9484B1E69A2A32F55DE610B323BE8BF9536005828323C2C39DDDF3F30E4E1EEF967855D639393330E07C1998DBC9D919171B0F51E905DF3AE7A4D94D2A6F1AEA2D9625D4E0FE75DC1AA73E98F02A4D3037022DCB0338862E1F14F5B3D3C55AFAAE221246CD7C8F42E32E1210EFA2FB92C0D611E8928CAA23B1BE1CBED2B697794ADE65D153D92267F37CF2F7AECA35DDDF70344C16DD6110A74175D774C29815B5ABDF2CC4D5AFD4BFB411F93BF9EBDFEEAE5A289AA3CDEB4580BD081B4840C56555381B49E4A33EB0500B7E36585784E5C45F9332135ADA1CDACB7D3170EE63BA61BD5572B70AE5FF395A6235DC0F6136E442B00A9C2C37D0DB802E7CE38057C5BA8A509D0FAED0B5F6604CFF3B21A55E79F2ED24F4ED4412FFFA8EABEC9AD4B4AA2F4D6041742007187904D6BFFE942DBC3CDA041F4D7A8F5590184596F30290DE0D4E50F699587BFFDCA18C260F646C5A00E956C77D86B3CD6DE1E3C3B7BB9F8FEFE31F51D2525A594263A60DECD53F40F70F588B0959E6AA6D721A3FF4339757677DFB9342E1C29D85F22850E551816EB6C6536F03413B35F032DB30A38CE80D0048E93682B086DE0C226AA47C24783046E3EDB44651ADCA84F2E52645C38B6A17DA6B8FFCC18F9024C6AEFEC9CE786B87DC6F10E71C39004A76652DD85305F804C1E5C9F3A7843923E06054B0A60E444E00A93E2E1AC7AF1CE1100A07CA3089B56A18E7A642AE35F1DB4D22B113AC56C6594CF3D8BB8B45DE933FD501CC06702D77A2EDD34972D4C4734B40A927FDB6AB1870EC0FCF60C0E9651A730BB6B56C9EBF297940AF795A4D7F9C9FDBEBF318DB2EC1B37E807FFABCE7B20D99F858181F7E8033D4362D34203E43B849EA6332A229C26B96D7B15739E5E740092AF0E32BEB5C035C21E354D81F3AAFA6DFFE5FEC21F9551D941404F297C973EAEED2B77416642BB2AB4819DA9FC9EEEA90C1BF51D78254EE792BBEAF5AE4596BFE4D2BAC05F9AE4DAE0CD0C76B1AD2E9D8D9485F6D2F605CB5023B2D63DBDCDD191C22F353EB6D64B8B8B60090869C4F896F75372805E39C81D60B02F62FAE1C40C1AC21548ABEC0883F8D4C4E8FA696755472F5D5D2AE3E892E2E25C96FD95C193CD0F49AD6BF3F3F379796C87BE8BFF38B8F7A7FC6BA08CC6E2E2E2FC81F865AE14B8CD54F7682F16A2454A5A2DC8F64EB606064ED25CB60B0B0A8A8A20DCDC39EDA1F24C09C896A3BB703D4865F69282D3D2B839B2ED3E91B2AD6DFEE91230D2850A0160463D28576F03EE07F7D62D6D691E906C10B6C4FAF3E7B2B2B292BCE534C31A13716F988595A26410065056871B6363232389C9C9439610CAA88040715DEAE8B6BCBCBCEDEDED618D7B44E100613BACE0803AEE5D29F2B5C35342C7B16AE76983C0E5EEE4EDFAD292ABEBAA66A4DC7235E32D7D8CF25965D61315B78DC6271C8A933275F5F5191AF998FADBBE840546BCBA8E8E8EF09D5140420634A17BC524251BACBB925A8DA940B233BF4A42008405EE1FED38260E8502BEE30EAE02A0B24CBDB54D4A75E10BE175B28C3F6ADE96ED018AAA8D55550F50796B9E042165808B0E6B7857CFC311C2A862A3634F50838279D74B914694A541A4E8898B876FCAE1E15C174E5397FE0DC866410B10684EF5D2F4C53560C689E825391818EE33049797EED044E5C22BC97FBA8881510C1CDDC90D9DAF60D57F10D80A909DE3AE1B8115E1ED0B34B4B48341613FCD7677E79B6B9B32452E6448FE95768856648E5275EC82F51A19D86BA6290CD3FD1824B1BA382DBD4C95067411CAC89B4CDE88776C6EEEF3D123EFFAE91960FA47A1D7411DF6F6DF1A94B307746FE136353A8ED166F456D9F6411514A81E3DD2FA2425B7ACADC007D74B9649B6922F1CE924D007FE171C754995CCE7BD46FFE31960438223310E68B104750ECDB485FCC474A59CE5F8C6718082F5969A0A15C289CC1192A068C514D3CBD3B14DB7BC52676740224CCCD2F74F530CF949814062FF2E1FA5AAB0D7F821D3FEF1A7A88B0DF9DBA6A7A641A1C13FF8E74FD83462DA158E41A3FBA5A5D833E908889346935AEBA75E3BC1829DE5B3A1CC8B3FF932E7DF50B020F452F2C2DEF7D3252C77BDA40408C5747DC3BFD381E73F799EF04ED99C482B9E88CE4D36C75033DB72776D7ACC23CD0FF9F5E538A275375F2DD6EFAF8AD2464052B4DDA5600A254010ECB301B195969ADA6D5311D0F3D194601F1D10F0F6CD69BC165C0C8DCF6AEFF1D7A15800136F3EA9508DC74AEF427B0C62F7D76D8003322F312B4F83B1DC063159E7DED9D12B067893FDBBFCD6DF2761376E0725287FFF1FE760BA0538887221B30939A63E774B7C403B402F8C7D3DD3BB96B23D70AFBFB2A2E98214F4EC1C03843E2497D9B7E22A4A7BEFDE52BDDBC0EF8FD24461F2F1632AB3D42A33065FFB909A1DF93D033E549E1502F419E94EC1C2B6C374EB3B4ABFD40DB0477FD0C025E3FFC85519C5B4E333ADB4B7BD3F3ADAE6E55D7E3DBB78D719103536D5E8F38BB6B647AD2909371171F542B900F218CE14D8D67EB34294AF8A561338D74C262C95973BD2D3D17DC9AFA8264BEB69ABDEB466150AEE92412452DF339F66C418DEC61E39EF07489B3A3A729FBDEA1FF113F6055E65685B0ED3152382F71332252F310731D2A75FFDA60477FB098981CE350CEBCE848585DD7370F8E46CB7BABA2626267E7A40C67EF4E1834AC82CB95846AFD98371142AA5A841E34DA9BEB6577B3CD28A20BC79FFD00BDFAF0752560C2C5662EB1FA8B7EFBCEB47E25F2A94B94CEC584B64029041E11C0F65D417715B25C4E3E174C683C504CD4F621ECBDD29027C080CFF191383B8A74A10B8792CA30BAD82E553AE7F2E228A24FEAB88800E6E7787CC0E7F03FF40E62CE8F555FA55BA5B5AE64C3BDB46FD91CE8CF12EEE17A668126BB113C4BD7E6DDE99A176726B796CE1B9F0D663E17C2BF9C3CA5A805BC427F473A21E0FD3F9DF238B6A059C2E807AA7BA808366D7FCF46592BF8C5DCA7335366016F791563EEF24F6110CD0574F6BBDF5FFA244C859A60047D36AE1264A875CB6B255754F44F3482F421B60EEA9A07C3D5457CE42B78D4031DF124DAF649D645F4D6AD94D7FCACB360660080068853757E2A72596213F29FDC31EED578A7D02DC11DF0312BCFE5BEB4F3DF65E609211982599F3219991E1E10620B4257CB69FA1C5AE9EAA491FFC68FEED26C37C12C3BC2D8D6069A55862A6B7B2727B5BF43DFB9EC0D57E26DF1E752ACFF2A2DBBEB8C830D97FB820C79975403AAF36462C6ED30A30B5EC1C1F40CB60521FF1C39B3BEC9ECCBBD7AE7A471A44BAD44F970CFEBAC01CF45D2EB2CB3C4563B003072D73FF950BD20D8F8F6BE56BE353989079F8E472EF9374A0C152BDDED61BEBA5D393939DB3B3CCA9F205FAD7595FBF720C2503FB4F0CC2E3A3771DB4185E6E2728FAE009C267A7CBA5D10BDD49A14A520A36837EAAC9E5258DE8DEF880EECD945A6D77BB2DA1AB125F8C0B8A8DBA3AD1B917F56856D4DFFBA03743407CFA4DE09989A4CF767CD18946C4CDE4E17832D6DC86118725471D00269BBA5C42900C64777051A2C58968FCA5830353B6B4A185BD8F3D3617DAEAAD15F1D180F6A38D036E7CEBC9BFD5346A000CCE4974B1B20F4A98DB8D74C97F5FADD1E3546328A3C609B2658F69B7AC99442D7F5CD7E44979804A0F8D1D1D1DADAE163E220F889B1E1C64461227C5F4F764C4CEDF04A1B1CF3EBD0CF997C7C3118F7230719E191F293FF3F0F07836EAE46A59DDAD2D92CC75FC51C99558445371573CCB2A086DE1ABAD4DA6CE04040AA062600DF5F5F5DFBE2161C2507E8293C9D1406986E085AAD3C60924DB876E9A3BB8FA92D7995A96DCF7347F660FD111DD8A1E4E8CE9A71292942C727F0802D55EBFEACFBF3E2B4E4848D82C5301CB8F45FCAD7AC8951E92E0D1490788A2BAD9122278371E1F51B9D71A79F68802BF15730F25B1A832D08F4DEAB119E2077CCD797F3F09369E006CAC70FB1B1B59E30C2BF9F362F4BB2963AC57F75D289E011D05044137E29ACA9B8B3FF1D165543741B11B57EBF1F50175D378FF2E834B831B0F65DADB7697ABB49087E9F3E7D6D6D6FAFA34526CE404296A6CA31FCDCBF556FD784CB33ACB9BC1E306DF81CDDED58889335806348167DF2860CDBD793724B396247AE0B97DAD3B1B7D9DD6C811F805D9918E9C34D3BCC39F0FEC02D8EA941BD7002AC6AA1D72724ACAD191E1008F8D5168FB7BF577EFDEB6C7C83C356E0C3A3F05E0607FDFDDEF5DAB85F95647942D7FCAAFF9B2009E80A6740DDB07D482693DB02FFF803B03CDF066F3A0DC94917E8F784D95EDD1D57831A14845E6F8BA4C06606361BA80B68CFF0FCA0AB0B04C2D0B7B76994914DFE389EC47897B62F8E67A7F012C00E887F1F10EC064316C18E0E35C2F92F90BD3BCBB720048D31D7A3EF3149CF644DA3630B0B1E17E58960B291ED3F4F4746575520C89FC9BF0F01A188A1F91791D24ABD3A9164F0492D5E8DF38BC3756E29594A4A1AE4E73E70D30C8A6CD3CC0BA487AE82A31927CBE5932B4B6D8DE632390111EEDE3E555AE052CB85D7AA6708A8A81FA38E0B87B9C6B7475752BF8A6FF2E008A322B5572F77DF73B14632126C37EC61BA83DBFF7C2C0D0700DEBB72E9495D3BC1759424932FBDAD9E96E801679CDF79EC6FD9B440F3923625E4446FD1F791C0D4EAE909F669DF7DA47FE551EC70FCEBEECD8E4E6A66FF110E582B3E7024A61EB80D420E279931D5D5D5D7F5ECAD85C256AB4FC5541A094F87F75DA67B5D72AC29D31F44CD6D61C732FF3BCED488A04E7955062675FFC3BC60B42C60A451A746FA06F290211FCD371A6EB801D1784E6FA77624A694F3D77CDB21DF22E78A162F6D7FC83FADC6F555589191C972BE90C72987B587B9FA412B874AE653AABADE3F850046E907F36718318E360F6F22662AFAB064693F63C1C291DEDE4ECBC7C5C1EDFADA0695ED8017BA54F4FC52E13852C3811513D4AEBB1B1AC11E474AE4FBBF37BF6CAD1CAFDA7D2F9ED26EC1E04EB0EDE5F747EFDEA2602C93235313909385726F05F998B3E4A604E567F3D2894B07F0338227DCD304CEDB3DECE82931A2B944BFCE10BD5CB8800EC64620D3DE3613D81CE7FD4F504D7F8EC38646C63C6C7076666A458590376D3247F456F4B62F399803326DC4A5F9EEA863EE4E545E96FF203F604952D54E819FD88659A3E6A74C8735F6C6176FC5A9C4A28E5E93EBEBD063C404349D0F9B5B48D134F08A3281D51CE00C7DFD323AC729EEA636E3EFF263535FF1EADB89F9FC6FBF717989608A0C9F839112541D9AC8A0AED87BAFA77191C8B02FD150F2BE09217EA24A1AEA21053A3E4B1F3B757E2AF83EB5F1C56C5FD7D5855D3D91D5F20484EA0BA7DDFEA56D985BDAF513A066272D4825085CFDAF98B9B7ADF7A2D772ABFCADF3060F72186A40581E542AB70CFAD95E2BF8A6666CB9BADF8910749F6A1695F0E5176820610CAF0E6389846CEC0AAA7F84D39B3252F51BAEAC92D4C46AAA0A83A09CE28AAFB53547447DFEF1E9ACB368493D953A7381500B4CB6D75D75E3DCD8CCD1CB2E2DF9BCDDEA15B75CC729A0260B78964A24B03C14DC3147A1220DD647B1FBB20FCCCD134490638AFE510B39A1205C9D25F21673CFC67D190D5FC488CB0DEA7DD3462F220321063E060D57271496E6E18EFD4E024CDDAE77F1C0AE1F177F19C4443C4CFA281C006EEC6E8F825C8858C079BBAB8AFCB0F3F693DC19475105FDBB5C4D1FBB2B1B080D8D909766F7FEF7FE74D7676B69A291108B458D68D4D0B2C86FE13465F7C74171DC8B2AE3737F60BB23C05B1AD32100A1AAD919421BAF9720A5B2C2A8BD2133C6D4355A4F96CA70FAC096F4E1EFFAEF548B66AF5796C579A45A55FD49509E5CF1A71B00E2B02881D915874CCF79F45B623FB1E6C69FD57947ECAF915438D34DE7C25CBA8FF8E16244B298F75BF6610DAC0F34DD46986C40E897B54AC5B4649C0E54566864CF043C2D663AD197D5E5FDEBA630E1E077480910E41C52D083E131D5185D33749FA9869E731EA02C61440AACAAB00F6D5D0F0DE59BCBAB3202DF6EC26A9C8B9268D37722830FB9970E44D20A2AE68A36162AC667E40991DAF56B5831D9B43C097FF3359DDE8BEAC2648BB14F325AAA932D5AA26A67038C4D32528C8F079DD9DEE3614AC722D24B3ACB63665D9D557921E3DB427D09F22451F13A0813C1414121A508736CFBB027C7F7F737BDBD9C1813FAD0782FF6A3EA10180FDA86156F8A41738BE07A9497D071710D2929077164F1D89C25F2B1D080B09111213174AF281648FAE920073FFDFE446BF9269CE0035411840D1F6F2A3F3CDE1093D6A3593F98E8DF16ED5B86A121C8B64DE5E5E03B916C95DAC97BC69293CF8F546BC9413D81467EBC6B7D2D27CB75B4188CCADF39D03341D91B2A5254BE68A12D603D94418DFB9BD4A219D36FE999F5D667E77F741E1056792D90FE2C1CCEAC5D36B2038C3D599D9FF250162C03BC4C74379DB382EF1593AE9E603319DB241B856A03CDA07F5B6797E7573133CC585A5FEA81652C02CD14B8A8AAA68DA3AB1070C53717F43BF05E93C3CD06D3D5538A9A1DC17A360FF60A65D555DCD569F3068C5CFEA6F0F001AEE9516FAF5EB575D6AAA8BF3B4DFDA787944DCDDBD933DF682C2B152535380DE4C4C3462CAF520302FDFBD9354A1E767AF52D5F2B0D0629AEC2A9EF1D3AC1F263CC407C8317D7DB56DDCD5C1AEDBE1CDB0F21412E688B9E7D843A05F5660D62030A9390B408FC66200D42B6017460DC021BDFA6AAF8DD17501DB26CFD940AFAB8B8282423CE3FDFD05F75A3CA678133CAF2283C44A897079261E540AB3C0DFB5003E0405C3DF606F80C8C81F52C533971ADAF77632B9323B2E30D817D3D300E9892AF9C96727CB24C0CAE2E1E8FDED766642C169DAFCE6818152673A0FA8ADCE372A8BC39A143EF3853F9F6C6E6E36AC863DF5F5C2E66C0554C501AD2EF7776199B89090F503EACEAE2E343C0D5BD7E33ACC0C58128744CAF63B88D6F0568BA7B01F9F47F219F19C6B0C2F8C8370EB1C00D3BA56A5FA091A229CB25BCC56C4D0665381DAF20E329FB4A9A89D76962301283070E1A74910DCF6697A455D9D813493BF78CE801D7FCA7817A068162B641C8ECA5FF6AD2C1CC40071925276D22728F16FB237B241CD2E4149BB2F24151414D627BF3CF869F624573DC07C370D045A4B28714E88B3FB23B2D374B67971AEAC9971CA2885223380487B5D07993DC4A1B1E22DF0A8357AFDFA356DFDCA96B73FB0D6757CF820C6E7835ABE318A39A5447702FCC74A84C4331CFB3E25BF79C3FBEE1D447D2F234F7CD2A1EAF1C5D6A20F72E9526849C69312476EAFC5D3880964C5FE940D6533F2E3CFF1B1A3D1415B1F19C81D0AD030F7C0EA0E2E6E5395A3EE43A6D058FE8C12A7D926AA197F3E38B8D527357BEEF4EC6C4DEA0476700DD862A8B72F2F1088A1B52F5555ED0BC06444B2E72D10606986B1EB9F1709FF08993DF92C54F7D8A9CA00A57E0E8884C4F65AE48D49F053D7F8B7A2BF0E333B6CB51BCAD0C0B215171703A1BA72C03A09A7BAFAF286AC7F5E15FC4F7321F40EF830A830220925F8A9A3EFB35E5EFDB473253DF64B205E2A02E37BFC7A9E3B4DE4F27BFE8A9FA4069E988CB077658D8F8FDB43060C5B8CAB2513B6D4668B933B8BB58C078531B0197AC11CFCC05168BEDE480FC37FF5DD1009A79D57F52EFFBCC68536AE1F854AD950A7F5AE9722C1131411B13D95C77E8A31EA8BB50B59A309E25B75756ED6FCF8DAD0FB91C2A59F2E91AF9A9D9C9CBCEB8D1FD233D3F89AA55905514EB669CD0EBF9EAA646762577029FAE2425FD932809DD41FFC712577A08D262E45C5E741AA1116BBF7A25C5942F52094A73FFE41DE59E7FA8BAF9CE2D1FA621A37063B8CE49C23A992EE6C1D2CF3B5D90962F799EFE0C888357F0A25C3339CAB6F8E608A5EDBF36B6C2A2878BC6708A051D2979F66B1337AAADB2524859BDD9D7EDF00ED130813A465CDE5B96F7B20C09B0C85676406545B51B5ED2AC7F78D9E460EC16F80D9AF5F75ED435BA7A112147ABB9E293E313F0881686CCCB8DFCCC7AEEDF9D4778D0FFBF41BC86C6F3091BEB477E3106E2C77227731D3F90E07C169420D82D88EB5B79BDEC1956972B3F4F616BE2AD8AAE51100804E5603F0BAAF6FDC38F43F6EC28C1A26971AC5E1EC3DDEAFA6A444543D80A28D6E3FBAD125489F0E51200431665E15410A534637B91D6D2E6748D87AD6119E1D35BED89E62D5DF6B6C89A798826424DF6F2BD0C32626A173BB89CE00A62C000E16C3198F14EA5DDB7BD16D5331B6A1EEFD0EFC8A3AADFCFA0FF79757397E80F44F511587123E334C8B944C0BE2C6E88B731989E00B8B47513B56C70E43369206038397FB2C981B94D7DA760897F65E6C7AD7B79948447B54035755D51EFB7EF16BA099781C0B581B01A8EBDAFFA5F8C2E1218F0296C0C54B1EDFA489503C1931AD0B52D334271EFF491FA3ECEE0AB74F4B4DB533F95FF517F4D63F66C5160ED000629DC5F33CE31EE407EC5EA51E844B64A5AC5F30BCF9A1A86887C9AFDDDDB24E6D40048963BFEB84A00956F5492C08E32729FDA8E3AFCA0BE3C6C77EFE3E3A3A1A1A1AF066E6383C631E61DAE8AC275FCBCB9F92B7CA32BA9EECCE5B090C655CAC11B8797878FCD7C701E7FABC6A8DFECC01EF01F836F176496929032D2D73E8C9F9C5E9A91FB650E98A7373FA5612E834A32C4F4501E95A6095AA2B5B6E0DDBF2202226AE58CFCCAA00F44550ECC514F6391946536B1B5D39D04B88AEF98380F2ACF95691198EC91A9790D8C99C9C3D91D980ECBA3A381C5E54F48E9E8C20ECE40724AA557ECC8D35B7800EE1C865784FC708FC5E919976A111269C36ED7CECD70800A7E7406A55067534604BE92314ED52A099D316E5653314E86ECC5F8FCD8C4AE7E39C71E287C4421EF658F1971FBA805E36840A61572C2C2CCC4B486876AAEE70B0DC928C85E5F7DE82E633DD5253441360831B1AD2E92DCBF5F4D2E0DE45DC0650EDAAABDCA2E7AB80DE948C7F58EE3F5D0001567BAA23ACFAE8AF9EAC61029313D84FE92A9EA523550A302AE05F8FB05EEB05B6416CE0A5FCCF9AEBF5AB8B8B8BCB53FCBEC49B370B8FC53986C3E499B68EEFC2C35C7DB5AB8CFE1BA5FA51B138E9FCC7A336D01D6C9945BEAE2F5F965B2FB016175745168B2A607909C3D5349CD33ABD2AA9BF4E3BC44CD940B2DBF235F820D97F57473127027AEAC2C8140A085AF1DAA1B5740F9B890DF94BE85899BE24CD96D23C55B59370DAE416250E2053878E89379F83FD4B7C7B54C706D6267113902D26EE8C248C99E759E561C1586B4D03042383F99E79F43FB3D606CF9E5576D8BE624DF8DB5E57FD47994483D98317D86074FA0DC547E08362A5D7D68569221E051F6CD7F76DCF06FF19FE46CC9F21750D14CB19D2CDAFEAE079459D1369736BA3FF8FB5B70E8BEAEDFABE51144124A42545426028E946BA04946EA46B00413A454A4172181029A57B1CBA47406AE8CE0101E9EE86770FBFEBBAE379EEE379DFE339DEFD8F1E03B339F7B9CF73ADCF77ADB5D7E6B46B64C4F8F0454565499C28AA49847B77CBB87E6CD5AD54DCD78492B28E9B271ED626784350D8E009616A1C74F4F1AE78A1C5E3B5D37882245884CCDE93FA73C3B498B59CB882D8C6D0574B7833B924D28FF6A1A607263A924F30F4AA344CBD4D81710872EF9618D747E0D08724ACB93902C66877D6374E8CA3E96C57A01ED5473EE73764181828291E46A34E0562AAA7FE121D8D24B0301D5A7CF0E081BE060D0233C992ED920A0BFDE0B0367046C4C8F849C2A8414F54F1D85AD3F12F4C0425C5DB6667BF102A43226B7E87B22383A251B6AE70483F43972FA4FFF27C03A6A236FFDC4CFD7762FE5AAD0167BF2D5F58AB99C45D19A635C7177A1AA8380685BFFAA4C0A9A5C3F16944DC56632F5F60FCBA9BDDB47F1D3DEA03F8C367B4360C2B1DED97CFD5B70528F47653BA2C332F34E034F6D3FF4D8A1F19784BA4FAD17ACFA6585AA7F4320B87AAB61C2FE5C4B9BA11D5A34AF7F63B6D5A273ED90F51DD6432EEDC5BFEEB5A8B8EAC7C14A453847F28B8F5085DD9FFE73281357499405A5A5A082162AE5F200B1ABBD2DAB562863B01181B0F7345EBC48C16796AFC07E2F18EDFBB0556865CBD89D8D77AADCB0BB2B576399E4D39AF7B8AA4314394CAAEC65A726FBD7F4EDCF9D5BF6B05382200D76DEAFBE7CE4D17C457599911F0C4B63FA56D6CF28E455DFFDACEA60CDAFE5D8C3E4B3E738AF51E74F5F6A3A052F101EE4DFB7682AD83C3C6E666C524B8268A0803C3B5334DD4532D4DC4DDC22FF325E1C37B1ADC198DBBF4E18CB22FE889DE3016B1213D37BD2C9790D0E4A64C705C2223CD3F00101A6B9A21B1A5D7E8D3FB8D7F631CB6123C771A723FB7A404B03900726EA9336628BCD889CAD00F78D80B299F0403063EFEF2D35BEE4EE61157EF0A9750895C2567B7D1D46DCD9416E4B42D1F6700830706C66B97D5811FD1D1F8E75FC5DFC610D08A759E041E3C50CCBEE8A4763D3F5C03E92A589C9789E66CD8B8B5B9DC7109387BF5BCFD70AFEB9F164F1BF60EB43EAB3F5E99BED1511CE76A3481098E8D0520B2655F9C72106277FE2B4D304F95B4F29FE3CA78AED0AD1F50F28DB4A68B3346F22B6735319E927344DE01EFEEEA124E0B355CC1003DE551F828393A956B90A4C6456A81388F6E834BB18DABCF719DD922B839E295292E7B68CD6B217D3D017D3D9D0AF3882FD76BF2FD2917C7DB5D8772562675F16ED8F4B77052585AEA345AA81DDF6095D2DBBE1D0C1853B75827DA4C0DF6B259ABAC4145BAEE150062DC7E0360B17896BC943770641141DB2FF8AADC46DDC33B82EA0C0EFA4BC04B1915B1B8FF84317C8F9C41384D52C3850D03A3535758EB1BE2E8781AC20B8F79E3C1A5527E1F24C989F2B2F1593E5C1B4E6E4AECE9EE79200EB8EEC330B9160E360030AF13A5A4C62E984C7F6BA72A4467E82FB2AE43D0211523050505359239CFED995A8FADC58D1C2A225B2EFD5222E9F9A8F88B9022F2BCDCDC44EFFE136ABC47066E6E6ED4625EDC4CBA98931881DF7F8A315DF4FE578D50919F6F0BC052A21EFE55E09F54E34FFA0B0481A7AD954A7BE748F7CB3F37E73BE5EFD36BEAE411072A49485DDD12164EA5E9D1E6A182D4CB9F85D97FE01DB4DD87A19644B3FE773118F989A2AE9DDEFE99BCBA30F53AE8BD59ECBF065B389698C06CE62A0D4AFC30BFFEED668FCB2D2A332801A8A15B47EBE3D33F55102BA74DEB4335BB34CB9FD75CDBAC2C35176702FE174F099F059CCF85B0443C7B3193251A98EBBC21235A3486428C90E3D9BDABCF97F63C687D652A17765BB82AF01FB63402C7656BF2E0865AF458555AC0BFEAB48F0817043B33ECBA2FF5AE1EE586CB5C0772080C448CDA2F0D3763D31F52C47430B0D62F91FF92BF1B8491E6780786BB1FAC4668EDDE16DF9CBBA37353CD111A121BA2B880736EFA22FDE98BB8DF0B8C898436E67F7F5F7806EC0D776B2E6F25D7D82B36EA1BC31B92BC6A95166912017EDC50E63BAF0F0A72DE9A92DB08FD4F0DC3C3C3C3CB0B998F84E8EB1953E187AFE12D851046B62D1C9C311A721F9D9C0CFF36F59813E6E83534349C9E9A5A7D01D0D6BE7A8165886369DD0750C8E57710E1C2C78A5942599705B5CDCB9CBD723AD91B84A4EA97D9AF229EAC22BBCDBD45E379FDC60D674E7F977BC0CF24A886796EE2304D6FB6178F221B14B7207E97834B3B1226817F7F8D939F7D399BEF8B1A8C99BDCA5AB8D99EA18052A7123EC4C54527143EF4A8F8FBABEB975CF2A0ECD3B61D08C4768B82826CF990744F1E61DD97FACEEF005076D4A0362B5F894ED15F6EB22610F6C7517B26CF48DD883E3020AB523F3E153B99797FB9778888803834B0492BFAFA5E00E67EF9B26B57EA410821BA5D44F819E6BFAB4BDEF73DF256357066927DC119A159FE595413DEB5767A582C249C56239EF6355D75265D6D263935F96B6A6AEF37CF5AC4E5CA4AD385D7D59F0249EB73E9323517EFA5A81BBFC0C3C6E1F81BD469FF896EA2AE327E5F500AD110C16DA0E27F08E99AB9BAC6E3C93F7B5C8F523BD97B142A1D1515E536AC01AD313A33E30B892CE51C466713A66F12745AFF6BE78995F9D6F0B53B608B314BF435657ABBF87879D51414285D517C3E3F3FFFF1E38777DA5D6FAEC7311DC49602895FA33FF396C3936B84C4416AFDBF732D160E5F995B7B58DB8B90C5F4FA93335B267E07195DACE89C9D4E495693AD0E0C15634892008807C56AD51570BE7651EF9FDB42D51BE489FE230DD59594FE5B2247E2E10732187BAA4ADC25B7408BECB3C74ACBE4787F01C90A881E381C5E5E0ED976A0AFED7863E57A5494393535F52D25A5BEAE6E59CCD5E4DFED28428CC8639EDB5A788A49DD9B1F9EDDD64BED6957629732C7218A84E8B1A76F1EC648D65DCE081EB305443A539ECD73F960D3A3FB97E5964CE3D093F72164B0ED44768351A68E3AA9B23CD2319B578EE35DE326F42162E89E40C238F40AF87E6919AFF78C44F24F3783F3AE159F5B9A08C541E8F04AEA10F353173B33B501D0288AB16243F740192C2ED614B35E0036A5FEE76035E09A604545202EAEBC0E4065564FA38686E2F76D04D195745F4DEF3F0F11FA5752BD8BA8D99640E961C6F8BF9B5EE4BD53935614A24E2CEEC56434877B7DFC2D47A41EEB259D4ADA3691C72FE8FB92E8C59284B3CE62D33BF3D350E2D68A52264FD19F828EA8BEF68C8BF6D98D2C5D6CF4851EF4485E86245635AD0466F37491A7FB45440F30485EAFEE6FC30402E7BBF2B0E91F5CEFB180A29788D9D25336FF0093F6AADBA9AB7CE59914E13AED4CEF35429130C49D402C4C941522F5EF10D67F09A5AFD7DD1E11110F251292665D56F7BCC80E647FBC5674756070C85E8EFC5355856E34E2513FC91B91690BD7635CE18CEF5EB27774D416FEDED434BB72D0EBD0373F3FCF6158C5BE5DF752AA7453B494E5714C6F7B1718B89B8BE570597679EB054632F59EDF4470AF6764E4368BE6624A4BFEDB5B37AAE8FB87D9B6F780EEE69098F1FCCF95A7FA63690147945A35B3257FE902A3F6C6F64D0AE28ADEFF55D1D6200117C824D84F1AFA9E5FC2779BCDB8BCCAFC2A2FA310A5A96B5A67ED680D7B9E8236BC8ACAB0712A070704C222BCCB32FE96D11D1D1D8D5FEDD160DF7BC50C798A5D4CFF1B2C307C046E129FFA57A0400AFD9440CE033E7E7E0EAF2230A48BE461E85F15CDA0972F97D8D1CD3AB46F9B754C3170D2ED9DF91D1D45A27CEEFE757DF68B277902EC2720C56C63CE3B3CAC39CC0BD1D404FEC3CB3B0C8168F2960FC3FFA716731F1C9494572C210329AC880B2FF12DEE64F2AD157B3F1C614B94A91833C96AC85DD454FF0EF2B0D2B2924F6796982EA6694DD8F5FDE1FA26FB762CC607A39CF18DA2C24240F7E8941830B1D64F9A04B8D58B1FE70CDA6A4D2EAB07506CD0E2DCBB5B016ADD381A7A0C1BEF8ECED3662F296FAB5FCD14159597A8456AC3953A6D4E980056BB4CDA274639094EDF0F453D628B78E6C892F465A03B91AF0CF3B7F99E1E7B933439D71093DBFDBD89CD5766520D8ACFDBAD6D1EE21285CADDDFBBF7781109F5DCC262A0FF3B154E3E9AF191F675A38970A8824B3CBA9DD37353DF9CB55F0426422F5E8D9754A68CD7529A4AE3EBFFF7AE742A3A2ABA4BE212223CA7177312C782BD373B5C01014B0B0F286F0BB1C0CEC5A92F0577875C19A7291F6124924AC95F07DE078F4BFA105895155C0604FAFAFA7E83E9122775F30B09E5EFDD5C6D7AF8229D2743C40853D238D8D8F2F52DF2F5359BACB5F55DF690EBFC56A3502BA69CB6510764D1B81676DD4D46E3458CD30272A73DB0A32CD4F11213B39D62F343B0A539613D1E8934A3F2371245A672F599ADB1FA95CD72F7BA5EF8C9DAA4CEBA37ADE49C239D33BCDEA99ED591210D72E067A1D69422B4E551BFEE3466B7C712746FEAAEF28730E35FB1514C1DD977BED0573DBE3B3D11BF7CD161BC3DDBA3683199C877BE1790964ABDB6DE970632439DF5A4C52CAFE72832AE57197A5C8BD0FFBD5A44D410105C2D3DA30FB9768D830E3FA00A5C827BF34BD3BE9233A5BB5E82B12F102440A70BB522EB4E7AB42BD7E085AA83928E6FE389BCE79ED0D4BAD538AFE86670E8D5AE8F4F5FEFB606FAB85B7AB1E08DA77F9F988F95B04EFA3269F7A1CD3C8E46C82E2DBFA8A68BD286C98DB49AA48106431114FF914738A4F75DF974B6ECE8F0304482B7234F2D2DC266CD4B5A71A4FA114EDCE0247346B4FAE759F5E8AB9523C88AC25C23B7CFF965E70579E9CDE15067A8CA381656A97193DFD1D0AFDD91BF57F9D33AA5C6E397BD37BC6E6BD4AA5B7F02D34F87F6A47424DCD6663CAFE757F70B57853BDE504D9E4057B0E9B9023684270B45D4AF3CBAC37A0D515CD7A1487B51785514F270625BCF99FEFDD206EEC151A8C1C93314CE3AA6BF1860954EE9BC676A5FB8AEEDAA7B041CE9FFC8FF9AD8A3F685C6F7BA9FCEBBAAE4DC2CF8BCB01BDCB520E76167729A36F4B2B6BA7A1C5D1094B599F2145B222386F68D116752EB3C774A6FF1C7B2DFE670803AB3FB8378C92625595E46FF329578FDE430E9E50E7B813BD7B207A09F1D98A8AC42AB4BFDFDD636953C4E62F4D8C64BA71BFCC9AFBCCDABCC3D69C1817B1915DB2A43258D17F3D7571795DBA18944922BFEE70F6057F6C3497A13AAD8ACF97A7BB537C7D3E437677467A1731397F08E45B38D6AB82939ABAE1BA4648E8CFF3DFA919833BB988E56DA81A404DC96B68FDA330038C79780BD9796B7EA3D24AE0CD76F1C679B8AC0DE396369AA0F45A6AFA29E6FBC7FBE8915FF05EAE6E1773409B9D945C2C44F1E9C3121F4C0E69B2B983BB4011693E9F255BB296DE68FE5E27AAF1F7E7C9931E46DB5FF564EB029A4744E3EB078786A8AF2680AB02047677E1219FDD6E5830F0021B5492E79E8A9481BB3F2A739988D5CA944C7C1D434A363F18DA9BBB95951CD20D32ABA9BEC4C7CE6C2667A57BA6658690A6664C2A9F04E4EB72ED8F6B264914B4C52F4853CF6938BB35F88C6E346A6C4BCD3D0B94E9BC095522384AABE79A501018D882CF68F8D6A39147F5A880065D4E61DDFCFAA99D3E02AE1240D0767675D530B6FB39F11B769624E15BFBF691919081FD4F9F9328C16B8BD0A0D377B3BB0460DDB33BCC91667DC56D89CC09C6316273639AE8E0B3A27FC214405D9A87AE8E3EF8E0A53487714F5BCDCB2F2A5CCE2BC6CE7F989531D4085EB0105D5C5F597CE0998BE210FD10CBA9D668CA770A28C15D5B5A3F3F570BCB69240217171630D0D0D1D9DF670546363233BA92C895C5D00157D76652594B4ECA17579B2C49F71E714AEBAA7D408DCB06DC5335C973724DAAE6AC53A45BDD6071757978DAAD849E5A5EC2EF5283B572E1360545A06BE273225F518B1B40927DFD2607D7D7D6D8244912C11E83E5A8080579B6D5AEE5E732B6BEA654589C09E15DC7CC7B0C30D3C7B6935602A2D8DBFC01A2B45C7CA48754D115FE373692E6B3CA85A156028066A6522FDD7459F3281A62DE37C7C7C1204AF215045BB9F7E2F2F23AFB3659CEFBCBD23BF33E3BDF4B7CBA677995425898C84C41645F3C11499401A88F1416958D819E3831B3711F6E5AA8DA4EFF65A9EA984FF79D6C6B88DB5F5A9EE9A88293CBDCFAEE9889C4BC9B7428FDDC5E48A019E241D7CBF737574F18E2BF133E0BBAB8020C94895BC3942D5EBAEBB1D8BFB9A34FA79DB5ACA92F9717D98DB51B7EF69FCD3AEBF4CEBBFE95A6B2BBCC56D4CF155015463C409E962AC672ED8C404010BB33406EBDD8EF245634CD3637CD58532EEBFD1F72C53C0D355E8866291CE0F867E57394E576CDFFD705C2A895D1F894D1F92B0EEB67571EC4E233E25FFE9479D016CDC610631B1D0FF1102786274BDD5FBF2C94D8F7A2A2AAAC98FCD15A9A5A09E9D96F977BB1B8C03D322705F0D5695621D074FCFEA8E45FD5FC847B1AADB78D7752682A025C805F99713BAF39321AB8D8383613E4CB2A7414407BA4D7E67FB2115986B6FFDFC8C3638316C774621CF0D030F04236BE297445049B4FE8774EA1955E4E4BA3A3A65AE311D16E593B687936363F2BAD33927445153AEB74FD590DEFB515AAAA693818A4A200484D423ACE036F317C9AFFC681073FD736E4723059A60D0F90860003AF56A1D53C5B3FF296DCEBFECC2EB5FDCFB394AC4F24F8950BF3D480540E5070F1E3CF6E632B1B1B109634E7D3527A4A577A668897C8E1DD6F251BD236C337E6F07C4C6B6CA444E2B3A691138B11616303882604D788A7DE89BF6D1446A4ABA0A07E32509C219DEE0B7A9C74D6DCD94D4DE7EAE96EA55986D696F1F417A7E1590D2CBAC14DFFC76D7A711D03FF18C0530AC81E969959D17226262EC45CED5D36B8E79B26FC4BC769FD2CB4EE60EDA92C8BD59D0F9EB2E44ED069A64AB453A2E6ED2CB3158048CF2E63437372F2F5B1F7924AC6F6C70993689CD95BC2C282A52D9E0648F8DD5659473DA7093F5DCE1C309CDDD46019012A7285B7ECDCE321A21DB5D255D489A2FF3170F83B02D223E9ECB69E6545721263ABC352456C5C2828B4EF458EBCD600429485945C58E06B8FD7C94FA118593E0DC41B614884E5EF1CEC9C5249EF6032CACCC31332631CA179DD628ADAAA8F270402CBDC75AC57DCB47B9561F9C5A69393ABE1D15405D1BA85E47F548ED015774258B4DBD66D7CAC1E081D9FED3D1881B9ADD02CDBCD55A4EC3A456A7EAE1246A7C40A789A257B2E58EB40E51FF24BBA5B8EC2C06C69BBF2B2B30D3C673073C3C638598740A9AABD9BD45DF8848077B7B7B07876E24D2960658906E228B88928ED42FF259FD2B8B2BE58B523277042C925E6205FFA8ADAD452024E1BDE77E129387627F33E36DEEA3E20BEA1731B3624A4C865F9B98A4279D747F0D490BDDB7F90C2E89D16B06A5641C7B896DDEF1FF8CD5EC527A2DA559B2ECF7A00C0CAA47715E2CB3A9D8168EA672C890DD4E5F9A096CEEB5316A6CE0DDDF9EE4F6A56E87DBA3BBBBDB5D84A64826AF69226745C8BB71367F6993A59468D3A7D1447FE6E509A7523C60914EF12E363D4455C4750B6130CF7AD481E3FB77EFDE0DE7AA466E905B8A359AA8DF23623EBB7375A357ED646C67C71AB89EDF5318F15C17B971747C7C1C91A9A80B5B7460D3ACD5FA2D2CDCF8010CCA369032909DA51200032E979494D4C09351D4FF743E3C3838B8C686F8D7DDD5231F19F723BAAD193B3E4AA89920401F8BEF8416089AF0B0641C1C8A9E623330309425BD62264E83680A0B4466DAF2519ED5BE0418BDDADEC9C9A427A6FA8B3CC3D55A9E6B0C5C006E5052C67B27A9BB6DEA475064D9EF2D8FF1F171AE9A8C589A555383743E6D7871764585968705B1958EB658ADC6E1CCA82D5FD9834D262BB62411608CF18C4BF812C028F30B0B3363829BFFB4459243E0E49F86474646CE0E56B88C6A7657B362242E775BA79687EE5852379AF4CF7585746C57BCEC07EBAFE735BF7D8DC00906279BE898D6FA7139848F028371F3A48DC983C16258123BAD5258AAB513774F3D4E754B74409141095422696AD7642C1EF5EFDAC94DFE5D0B90E68FFF46C576378A2A058309C75B43397138B7C0082B386896DDAAEF5CB1F223A31232F5646060E0019DDF4B744B07B98934E66D54BDE7FE5FA53724CEB30D05EEA618AE9FBEFFEC0C214C5CB72F9F5CA88DD32F9BDC3A0E0A0A3A85A0EC285F6AD4DF7BF2E3E7FA64C134437568899C9C1C524569D34039D37CCE4BA3D67244B3A4F3635949ACFDFD02A1C1E2FC7C5B5B5B6CACE0C3300C30596A066592766E8C9DAA81A3979797A565368061A5A59C148F4C1A7DB47554C79E96647CF44CD297B83A1C169CF37B8FAA739FAE7204B1B20ED689624C72CD7F36417ABBF4F66E707677FA6132371C83F3DF81DDDFC4B9DAB17DD396438B2DD5CE265B36DD62ACB5A67B52B157FE857381C3F695536001C49CBA858F878DBF14A1A5E7AA0D9353757D561603FD0E368F96F278E4BE4F239F502E2B4A5B5B1BDDA4554686DD9C939D1D6C6BFB5D8A17AFB9A8A8283C2C0C9BDEDDDD9D9898986FF3F8CCCFB0DA09AA9D85F7EC4F3A845149B7D4A8D665316CD4DEAADA16F0A38AF0FDDB239F0B5ECC262FAE1B016B65DBE51F55D7274FB4979348710CD5027D52587FB6D3D5A574CD6A7CAC5165F42CAA73E336EB64ABE4E2F282DED2D636BFA6C66B63AC24243612504C42863A5155EAB88F038B08EFCDC729D09E5DAE48222CBB884A2EEE6260E07AFEF975A7A4FE3BD3527FA206423A1BE554ADC70EC8D23DA3CFE69128694E95B554CFD4CCF65EF0DA43A8FDF0F030DFFD9CD2D2D29A9AAF6A8998CE5B5395D3D5CE31FC1DC0B09F30CA2445AB27F0751945484EB3A98A3C9A1ADA2CFDE81651F7F3672C576A7A3A73C8CF64B0756B18DEDF669A77D5E049A2A2A9DFBF43C637D0DD40867CD29A13018DEEB9332BEE7BFC74139D4C199075DD61D30366D4C8C8EF685DDB2A2D2E2E0E0AD2DD7FC21012FBF9F3E7F72B7D8EA8BA51402FC703FA1EF8416262E2504ACE230282F1D1D1D1911196A2C79C640458C15F77AD0F7DAE00EF2DE038F59B8B007D660CD6C4844E5F5B5B45B2D3B2FBD3A74999B3EFDEF9F81854D5516568F0F0F0B4A4B39107C938796AD5043DC678A9B3BEB9D9B31742FCE14BB0D26B0072BE8C8C8EE6B89363BC0D20FCE74513D9779FDDD6307ED07A0918BBEFD6977D69BA62E986C4C4E5E5E50627F7313078A8D08CF2B5FDEE9DFEB303748AFC78BB9ECE1421C1CBDB8AB087EB69A5DB83BCD37E6C84FDD6D424BC8798CBC876C2C0B0CCFC3D332D5B45C284F1928C02F7DE6CDD3BB3C5526329E9B19DE913648A7395E2D039BFC3A14FE398F10553641BD18D34ED23C34BF5784629C254B5E7C68B533B27D51515846DBD597AF793BAAD78924F97CE1368DE3265B2545554B07FF7C5C09864BB13E729F40CC5C61F12EA66844FBCACF23C942DF86BD6DDA71641BF52C839C133950EF1B1F52133836BC8F480F3500605EA90911CCDDDC69F35632B07F0AFFFF4776D6F97AFDA14E0C87B5353EC1FDEDA9C88F0A835C20F0F2E29FACE0E581D80E269633AEC2B39BF43628FDA01005C1C29B812F5E40476230BCB00B01F0B623F80213F194943F2C8E7F0B3833FEEBADDEB9EBE4BB80F813C1F97BCF68A8D9D0EF153EE54557A48943957B6146ED38F75F74E532EA05AEC488115FAF129F6C73F7B5EE695AFCAF94FED399354BC3E5459C0F5D8C9704B7ED10EF4EA5B7D536FB986CDB88BA5FDF8876584566C16D0E503BCB8035B1EA2912D16503E4141027CFCBE499EBF4F8FB438DB774E0E02D70BE274922D62AD8808BD617A3A4D6E02DC9EE29DF7546C9CB94CC39696EE743AEBB3DBCC79DB8851D332FCCD6544E1846ECFD64845D34C579AB78D8C90142D9F5C380AA4302A6105376F1C09F0F32BC53346987B7A7A16274247011E6454AA0891FF6502ABAEAED625914BE995A7FB894583FFA004CC93AC35F5A59C97240D92CEFB928E9A1AECE4A40363D034350D3CDB5FF276BC5BFB21C7B577D56DE364CB7769A10D040FDEF9F2F45D8229930F672F2D6E465B86AF26B05390229726AB16D7E4E4C0ECB89197E1ED1946BA413E74FA5E1C6FDD2F977AE56B73C7DF8B2DF078DB22463CD75D01A342D744633F342C2CA3E968ACF7350B05FE1C150D1EE2EAB809892405E92400FB49C404366ECBA74CC0499CDC6B4DD94219250F05AEE33240525C7E0A5C151474C7A0E32D374594FCF107E7205ACF334B07AB14178F303B67E70CDE97A61859838A738F195B83301F546CB7480F6895FAE8B38DE7A8B42653FBA5F45AFB286F1E9C8105A8E8FCCA27922484DCD7494ADA05E0D35B9B2FF845440A8B65B0CD98DC623031312B5401406DB22DCB9D90635324C6F9D410191959A4A3CD9971CEA8FE90A3897F40399DA4F0EBA565EF7A614B8B3460D3BE375E5E5E4E8D16057A1E2C8314A2EF29C8677BCE9EF56A17D9FFAF2CD43018FE306B70F5E06C35C8A30F79688B5C6E246A7BCB0DAC8A939393E73F55A53FA13169991ECEE3B6760AF8A5893596C075219BBB509EAD88CA56A28A4C664F38D6999239948F1B2A41F1082BA3BF23A3E3F8E444505030E5556E482062C2F31890AF078DB4F70D947A8CEF7B6ECFE86773E53778E63C7595A4C7938E2095CD05EDE09393734EC22DC2C7FCEF2892FB34065C7DE38FEE4DD14D13BFE89121181D431F8949491B6E223AE1A83D8B17A2E65DC37BD45FD79A189578527A3F374683ABA769F0C39543CFCF7DAAA7C56102009A0B3A4E55D40448557D7E0EEDB6E58BC8ECCC886E87BCCC29CE022B24CF8C0E0E0E8E8F2B60EF798901C2EF92EB49666ED020514A2FD906DED00CEF71C2F5C7DA8202A5A58DC5231F2B1BECBDEF73FA22F3A889899AAFB94FAD883C2477F24EB68CCBEDDBF6EB5B41B930D2D08F223D813677D348D81EDE4F5237360E38414E8D422F8EB707EB1430D6E460E3E325FAC375BED583B65A61282D75F598D679BD57BB8E3CC9AB663CE909B6003E8180E9E23A15291BB4CD0EB7D1AF65896033D42FD1818D77F76397794CA8CB59A19D6D535380595A0898549D8D5C25C97C41E9BB8652BD794297B14ED1D1C00F9990D8A6A6A6DC5C66E8B74DC6E4AA27FD055C2516DC1496A67456FDFA019D0D4E7A235353F67C94A22222647324D9F2CF9CEFD75874447775759DCC8A96E09A90DEA3577FEA8DD348F1F033695CF627594625031D9DE353886F9CE55D42A8090C565CFCE59C48B470B04245E44615FB05C523B60762C7444563C3C3ADCF1DCB458AEFCE7D3F9CAC271874B54A4112D1CE61DF1402CEDC4C79042F4D6DA539F8819D33606F7CBB138A43B0E66A72DEEEBB7978589BB7747169D43E8B238FA61E749E948EA6D1CC75652250DDE6A178B4B97D847EEC4727A6E3FDEA00FD750A45A5B518B0E7EAABAD0303250313A7E7E6B82EC6D8357C7D2F7EC88417EB800294925989FC88B7171616F2D27D78E08E77312C39971A78C4131D8692DBCAA7B7F8A03A1E8584D05EEBC8E7EF69C88A8B8A40C40CCE2D1AB5D8678393E531928703482808100AA70ECA6E3E136FB9D97904BF55B62A03ABBBB2BA9A2A4A3E6FB8CBB9281E8BB9BE35F791AACB8F1800115822368FA500FBFE39AA010F2B38C4F78E0D097B202646ACECA4E7EB2F37E7EEC78D9E8ADF4DB35D398C45FE238A91E7FA39539157DEC0D090BC9C7C0C9F3EA44F66F82FA77E37602AC102E55A76CAFA908CC6C42BEF032E78B98308412FE7855E890E200345895F3BA99967640C9F3CC3FE884C02F5E5BE04D9DF786160D466015722B33388F5192A1588B3FE58EF5C313C666471EFF0E8A8AD4E47C6266B45ACA8428FBD33D524DBEDD462806CB901DD495D3F9EBCB01D820436967CA0B89216570BF0EB7B921AF714D34350D3E8723BD7887375B18B8B0BCFCD89BD8EC0CB0EA5A9FAECEFAF8A56D7D6CC60857C802A20EE570F7A318F1719DE890E0F113153E3238EA71C98216BA1E426A7F5888B7A5E9B3E5B14C307BE8F606234CF7D78277479B5137803BB3987E9C24CAE8654B8007052D9A0BD934D83D66E183F593ED5DE5908B93D1D991A89DCB7ADABCB83FE6EA79E07183C9D0700B2742AAA8BEDDDF39D999C64FDDD7E83CF03E76752FA9696D6E8B13535596E73B2334757698D9420FC70783BA4A70C57D3882B2AF4AF17348C3F6088CC23D6D3240CB149F75E9EAA74780EC8ECF5823C01E7D999E969AA87A1A7DF0ACEC5307830D014C39FE5B9EDA74BE23CD3242E2A5A0430FCD078A971FDACF74A5A92894F4175F5C941C6CDA503AC910C3FBC729BE4E594145ADE0D2B3EDDCDCAB8DAACCDCB08383B5C8B2935CD484E9E37ADD46367538720774EF25C3D71ADE17A5353530B05ACD8778DEDA97828179C31DC3F01B723930AE75E80EBF5E5B8E78E49C1F0E4C9A6F7D1FED28FB8C7FABB691296F09A3673B3A0E236F379D305E277676FC717F77EEE57550904105B7DEFAF7E5224758B36AB3E28A44819E3DB37248606064487661FDA6D2FD1D387385D888C91BCAE1943DD5164B8FD5B35B4D80D01D7973B5BB3C6B2D8F4D95A790E73D53B390412BB790EBBAABA3B59521C5792A62D928038E4BB0020E74994BCC1AA6B2D58C030F5736D9940968022B68B1035A0DF375911036F0D0D535822E21985D3D44458D574090FBDC422AF199FBA8F8CFF0483C162EF977B70B91A088BEE6AD43E7D40BF8F85F1696114F21C018693B83075BBD771899FAF4AA64BD261DF3BFDE656F8B5FD3BDA61D3EA8A7FB41C6EA48D0957A32DEFB8ACE2D30E761ED83919CEF3FBD0FD8F4B2296F693307DFF9E97637367C7D9C94920F9D521132D62A46A7A0B90149BAC69F9D14C3A297EC10074810540BA07B9F83422B2325BEDEDED80A71EBB696E96825E49334740C972D2916D3F37389EC499DCE77E7E1B3DB86C6ADBDF875B4871CA1D0D4DE8CD7D26568726BC5255854B03B2272F02D8E2E31B8EF6F6F18C4A246DDBDBDB7A1C86EC6422289052FCA8FD914F237064B20012E9FC83631178C0966FC8F18C25B9000643F89DF1D067C360B0A6A674B23A342DB60336BA7A9AA3483DD8A28A4B3F61F3C867F2C947F6819851E6B93F7FFE3C8DBC669D4AE85E5AC05D5B61DE90B46CEC515E7A861B7171F608B4542094019353AFF506304F47435B3BA7584622A552EEE0F704A75EDF57B0CCE57769C3DB7BACF74663BF2D8AEA667D7570EFDD5742573BF0E69245473A1B9B01DC5CCECE8EB504F06A51F20CDDBDC05D76A3155C0FE18BD1B1307CF2082B6BB0937697AB8BD29209FE4DDC6D9590DEF2EDDB0F3A1676CFF97EE7A9EB2B02B6CE7F7D8475ACAC983F51E619EE21D451DEF17518FFD23B21739A53E084293761EC892E054621B17A81136CA7ECE8F4DC83B932BF12CD3CB5417B30713DAA2FF00E9312250D8DF6187DC84FA2BA0EE09E24BAB637A996E59A1B7FFE3882160F84720101D7E7A34588B18101F7C3D5CF83833B34924D793535B9B9B955555580171A7B91D2CBAE2AAC5A5155E523460BE992CD0070A3FCE757092602FC56898C18550162693D2389E756296FA8BEC8912D5C5C05E82C1C9CE9F5D347B64190A4FC70FB3E3027F41E8714E1EA3D6EC9B45737CB1C64B80EB1646CD511951CA6BC6317FC148F80D320F073E331AB14D99736017C298B548B65468B1DD9BCF10D412DDD6A7E3E6AE1F7B92E67FB53B7C7FEBE6B9A5AC7FA80DD737DACB654B24B516932BA0E91B782FCFC93E02AE0869F8F6C7994F790BD2139FB4B18DCFC34E2192E79AA5A1EFBEFCFA3E17A8E48CA6218CC86CB5B8C960C6BB082CC27ECE51C7664D53F08C337D77F8F474DACC008F9BBD0ABAC764169A00CC043D80930A690D8E8E8E8A62609E94FB76F7FC8494ACFCC7567ADB6026472CB59315BE637CC7604B9FE211D413D4A8D0B84F7E8119F8000672EAB62BC5F892806466C13209D7ED49DC74444E6E5E5A9282B2391C8D39F29EB6B6B6F92B735D6B7B6AC5E94B2441CACC7B044B84D03F8954F6A1B8F9361DF52A6791B5B5F7C5E55A25334BC4672AF79E5605013FB58DEBC92AE12004C1D562ACBFA2C972F9B1C0774942AE32EF5281A1A9A83F3974F89E15AA537959E3BAE69D1B9AE5BAC9CCB9AB5099FB5F72CDFB741BE2F9D5C9CE976054B2EA6A7A70357E43346092A51A9E5289A9C98587D273412F8AD87923E0480CBE0E65F4D0C6FE6BAEF6A1861A39BF61FFABDDD5395E279DB4785F132EA96518A814FF3F36343519B6FE5DF734E6A06377F774DE5A578C43E3F645F39F40D4C1C606815AC5304759A181ECE8A7F435344C5D706E1CA7EEF75F8AB7FF920614B618BD6E1BD9B1B9F7DB05A1EA40F1739CB331D9BA9BE4652A34C266A1905F06F7CC76D79FAA49F402376AB532D2FCC71B1D9465BAEF78ECA531F90BA1F74880CAD741989485C57DAEF7AD4FBBF7DFBB44FCCCBC721C9D21367E8776A81D17B669D36A5334C2C8F7295A6A5E3638F94DE6537110B4752074300F7F6818DC0FA2C0490131EE20A4C0FD8E9573F3B994F87DCBB8D15132D9DD2735F3BCC085F4B2D015AAD5498B868E1F7143DC1BE0C3A20075E3614A078645D9ECC240FAACE4C98DE2F52E8BA0E5BFB2D50D40E03E7F4DCD1644EDD4D39E0E81C68C4FDF87D1F2FA29C5511AF32900DE3C3CCE0E8A83B3A00E27B67AAD554BA25A755617DCFEBFCFCDC7CC9CC572C3DFFE4B7D6DC43B2A734D71415A1C26899DF2986341500D9BC47971DA96E7F5E778702F7EC7ABCD1C5E9FE4F8C5B5FFDA187819505C2E2E3E36389588A2ACCCB0BBF51324F35BCC38EF15FE304E86AD1879D07615F5E080B7B9F1FAE7D166D1693EA24569CF51BE30CAA20BAA5D0CF5A09495B33677A66663FC6C4D11DD7EFCBCEC63EE94B157E7FD56EAB682A525B612DAF4B42B69B9732E9A6A14897FE50F5FEAC98AB9BE3D1FAD674B5038A01F85BD932A7779FFC296150C8DBEE8F4E1AE95DE618ACE38AA530A30F6443B8B1212ADE76F13DB9B25C589DBE05764D60545DA162CE8A9E3B4D27B323AF56C95AB6D9F95374BD1CEC507FAF926FB1861C38EB5FE9BF78768EAEAEFBCBBD868B72FC8FB3932C619F6225DF5C0E74460DAEADD9955C10B5ADA689CE91B651553BF7F7F5D9A3BFD509FE64FDB4244DDCD743DE54A4E8A2876BF71A2199228A61D06480D848065975839248489F9778C672F37AAB58E32AAB65485CFD2656B74525F553E0DC33910CBC4603C6DA5675E04A9CC27A61D1918FB8EFA8397C3772B62B9D5936D591AD88298B77ADD51CFEF5556E68093B0BF65D9D7E2C8C12607F0C4D4D6CFDB20CA82DFE79AD9B285EE6AEDF5A1511E6488A6708A2AC92F0FA599269E6D0D6AE90347A832C3B8A493011F1DDEF3BE550ADC3C37D07FBEE77E9F172C3C4AF1D601CC8C10AA2C9F74439ADAFC9A6BF28898B20EA4B4F4F8FED0453645BFCC8F15500024C5E4614D9B67072316971CD14D4BA4E282D464B0072767058147CB31DEDCCAB130C782F320F852DF962A25B5A59B87905F023769C6036FFED3B312D437BE7F48EBEBD57DDC11D855D1A1F75071AFAAF3A17DECCADE8224E51A37D08A32B4154D1CDB968D14DE6FB23B58D21C37189F4F46F23D9D33F31CAEB9E2D190C50D6FD07E3A8DE5C2BBBD71DFB5F989CFFC144E4367BAEE7C1D766B8F1FCD66ECE88AE8326C1B90ED7677E128048C735E64C02B4C17BE197FA80DB600C11A28E06F6E698C48DCDF0D818734426A3925A5E794909873D8E71E1C0E21EFBB24550C84B36F2BF4F81E538E6E62DAD177B037D184F92FAC8B8CE75A54521282390883AED6B9317D3BBEBAC69C1F61D53EAA62BDE9BADE449452F0192CA6660D0D7ED90A3078833E8D9B1653315E74BB613A81684386B3CE098EECD4D4A2A05543B1AFBECCCDB8EC41BE1B3FF378983ECBAC2B956ED244781EEAAE3600533A8BFA77758D89892BDAAB272704D1BFA2B1A980A11742AA23D0E9E1B65C5FBBB98196554EBA0FF796E27A9F79ACD737C6868E1C8E7BED4BB5A23B0426F6FEFD5D515FA6171F4DB4B7001D04F4949516526F6FFDCF1DCB506E50488F8F4C295F0DFF610E77F9E04D531AF9E3E3B46E78B31376E592A289FE990060F1FBFF0F09EC65B46C2D3C1FE80E399617584DFF9A1C238AC43E48755E07157D31F882A3B19AE78BF11C6E41F4C1C00CC8732C428231535F4E2736D1820C33F0A2EE62FCA8746AE3A1B2FE22ECAE37C4F18209ABCCD050593DE7DCAB4172E3B82E9C537D77301A22E282C0DAD2AF3058404F5D59F2F9B88CF37E73F7F82438BF7A9877FB09E5C9075777744DF6F35D30150A778E7F7E73C65658016F47ECCEDE4BDAFFBDFA3508D26CECECE30960881942889B7504096A62D91CAED011E1569FC531E186F1A12CAD8655FC9E659C2FE8232AA6CD27469DBC7D777ED5539CAC9E6A2F0FFC074BEC17C42D6CE3A896F54197C2332BA74EC20CEEFDEBD8B95BB615B955428263A8E7E09A2CC752D90DDC5C5DE1E16A689949CB45E19429658322976280B000BC9FBD9FC3B21696B99B80B7A3B6B013EE2C4ED7EE5131BE91399A1ABE4CE9ECD9EC3ABD7427C0887247475864AC703C4B92402922DB1C22C9584587EFF26DAD241C2A66B38E7A2BF5E3721C1CF65B11D21E2E32646CD1C624449E57B3601CF8B88D029D67B6360A0BCE1D56802C05E3C4B8F356F9A09F47E028F1B72EC9FFC8B4776C524D8EDA34E152E2D4AB7D8B82801A0065A113796F5EDCC3283928AEB5FBF301C8372D206BE674858D1BB7B7A0A7647983DE69DD34EF46B51D7054D7F997A2B0D782FE8096E57AE235B12726EE8EE75CF90304DF7CA01FCE07D786BB3804DBD854D9B1FCE103C1E2F4ED032FD9D1051B4E23C368E82228BB4B4195184E20FEE643C0821082774944AF8B417E6B7D875EE2CA61FB8D9D118121B347C23B5D2A09F1B5E2C5D8C87433F7733ED3C4CD474FF98AE247788DD9FD2DDB3AC259FA33CBDDC43AFD2ED6B0B4C6FFC75831FBFA94699AB635B1D56C93931E2F2F2F2A84837B0E4C78F8DD541E2ACAC39D1003F751717555555407DE8EB3F29B1104899BC74415F02B007C2B371E642CFB7CD01BA3AF21263867C96D8DAD9B1317BE1AF4CFBFB0E808819606B97B3D4040083B9D50210A66487074CC0A78DE48A8DE840991D3D9D665F72AF5C39FB08A47822F5C50D51C640664F8B86408BCAB41B7BD128B2AF1FBAF28B2D361AAAF5A981FE4056FAC7BB901026A2E8D877B2DFA0D9035CE64EC71F64A5070F1A0A7EA8ACA45F41564C452400F9853825DFD37D9D48076C8FCFAD92E0EBE51BEFB5D33F9ED7F32C25C70E17884B7469CFD65865CCCA0C17C7DC4FEFA28B36048558A080CE921E4786D0656B5234C1F5D4351781B1C8C9BAE995644501717860279BAD1C61C894A33ABC15FA14DB81CEFFD9FA20080FDD466374D4110F4FA12FD5CEA8A9A1EAF6686830CA1B868BF08182FB234C1E7974FE8D29867BBC985362858DAB08AE019ACCD131AAB23EDFCC495313D26BED606F9FA98E72124C5121968B53C77F41F12893A52CD03C6F983532D5DC9D4B27A50C6B6363037AC6F1485CE6FBCEA7F631249174272083725553CCF9EF7691A1435DD1E641766293467B8CFA2F90C6AF91ECEC507945E66C8B3DC8DE5F291F1CC9EC4E65F414AE053493BF6425C2EF0DEB027FED096B8D9795A6E72166FEF1CE9299042794E1C74F3EAAC496C2B893B05E43D07869164118675A24E26399DFDF880CC2FD6B977E4D044AA3D683A657D74C1F84A8BAE97E8E7FF3EE70BD439B7F63E444A5BB5ADC8EA6CECD69B37D341FAA7FE1D7BDC94A9FEDD31824C08320E0EB4A2C35D234B168B8EA7A4A6FA9EF78350475A8D81E14FB572695945C5D5D3D292121010ADDBBCDA742F2DFE300A22525330E8EE404ECCAE41B7D92362FCA152EA5E18D2924EAC9A3B0B1319DDB1C46C6BAAA4DDFA916B1409275A581A3009524DCB1D2204D2DEFB6704AA04584CBD7F4D588806E89410E38762B3AECF16D0FCE01E34F999D81AF0FC5D954B0E9FFC9D0A513E0C507E5B85EC11A7D9336DCF8A00EEA2E2F32906DF1595F014501AC4D6AFC079205C533F7D114DE3B4A454F706DE4EBE3838585B5AAC23E0488A1CD7E68D84805FF911BFB71E1DC8E0DEB3852204B8082B4B14E8EAEDC39E8297654541456B094FE47B7E2EC9654604B0F80BD04A473ADA5794F76D4E73292BFA5A7D706065A2F5F8F8C1CF66C5E0D806D05D8435790024A09FEA6DED1843C6E6BD419775A5C25D5A8AFE71B0C0CB53515B06BBDF997658FFC0C69A3505A6C2557D0E7216269B179860767288313ABD9431F7F2B2B2B60C3CAC985B26F5A2B889E43648F47DE72F724AB20D777A1C0D8572D0DD5D50938B426EFABF4561894208D412AA7AAE65BD1A4FB66821B2F8B3D158665CEA4451C14832D048259A6DF141304550A8B8850564AE50D7705042005D52C18AC90C5C5216A410A78B54FF9179496865E5FEAEBBD12C9B3C07991181D417938FC00B0D96C689B0D6C5B1612934C5CF2D567750DEF6C3D9825B98CBE43A4CB79CFBCE32E3F36BC0B519C27919B853A8C0F1E12886C5C024BEDE4E6789AFD2684AC7D6779D44CBAB3F09BFB1B53E357DD53061A1A4DF68B63DA54D59CAC71B0C884A37BF767E00E719B1E17BF7EFDFAF87E6E8DC38A689AE92B4C58B3564FB1B007924E6E154F7AA331C295C583AB92F3984D7C186EEB2342E7E12B469B78AD466C9CC0746F4D4F290C4CDC29F66372F2E3C78651904A6E5E52C8330D3DA461653637C9C370463325386134213DEC6584ACC670F2CECD56F589FF522DB272E318F807300D35B9DBE4162C698D4D12D43B09387207B582D7488B85B99B393D77B2B1B2E54201F15C77F28A172B570FDFDE217B5F447C19998D73A4C5F986C44E911224C3AA8664042D7176DA3CFF00D5D7638B7ABD961C2DD74FADD79FA666636191C5AED26BCBC77630F66F13E82722C1E42389336C98AA184F421FCF28C778AE17FB49163BF95B4346D9B5DF0562278740003C7B3E7A739606109484CB6938BA5ED180C88661CE6B9F1CD16D2639AC95D97CE567A8467C762E5D528F81B1169AEB2AE70F7873A4F90CB0DACD99F4E54A5A3DE66FF5CD848AB8B878D92B272B06E5F535BDBFE579911EF5694C6E7B315623C3F0D3BC2ABC36A17FD702F831F0D114E5E53DB7EF2EC3833AE3ADE97531FFD9A41B9A9C6F0D8741C109A4B375C77B39E5CF571A1C1496A6DC53AA773225355ED9F02DE75683BA5C1C76026A026F024A8E67FF25B48EF1D73003717092B263B4CEBA97F3717AE11500C5518D428AEB89CCE17AABE622B813023A265E997F2E00C5D52906E80241E7397EC76F1643D53FF36BC0DE8793248098708B7C94047D3FAD8FB9A6B7F608ED4B99E4DAD6242134923D1E9818187FB1676E43B9184F49FFF72C6DBA60767DA5A7E4481DFA2D5918381F00329BBAD841642C56D321598D8D8D2967B509816F4EC63ADEFDBF4AE7E6EAAD9F38FD67BC13E12380F1B24F1A1DDE41E93DDD1D0BC5A5F2DCFA36B8769BCA6D8BD425693EB97B7A752D2BD775E0A8ACAFEFF541C2A3D6C8AF9B2C52EE945DA779C9B58BAC4B53A04F59F60DD8CE2EB95F1413A3530D582F0CA8FAA1809D2CE71019889E236EBC253BA1D7414BE8B9713D334EAD4A274D5AE9E65A9E698D9B9DD0E3E66A9D04D03440FAE593AF100AB73D130E20C3796A69F18C9F47E318BBFE97AAA20DAF6EE5621D10BA4D14E3BCB81496CCBF40DF1B5DA226B1C93160DC10D8ECE50B662179688762E8949614F676BD5A8C798053ABDA9917329390FD94FE9CC330C0EB18FC94F08F830FB01D5507C7C6E457C2B4337B1213C960E320EC965602C9571B90073FD8E452326BA9FD1C021019A33F86BB8A594548398AE82A558F3C5183832EBB7F9A8525A96F1BF0E36161FADB574FFB4BD0994AE90FCDCC88097D5A32984F1AD1ACA5F0307B4E5C5EAB51ABFDF069333B3DA1B74C5872934BFECFFDC71A5A2CABAAA1F7993CC3373DB767E66D9A863D7A34C86F3EC973E7E7FCFEBFCEE2FA02304CB2BFBBCB5DA28E0D9FDE72D3D02791A3BC6033E4A58CCA641952B2D5D7F4A837D6379D5C4E5D484DA5BDCDE346E749E536355DEF2F751F4CDD2BD33BCF73EDADE6D7E185FB2B7AA528720F533F73EEE496368923A92D197E8C6A1C6624F956E7F99C105BF6D9E3928B235C5CAA910406CAE6EFB995FBF1F15C7C7C978725D54E61D2CDEF4E67576D4F0193A5AD53AA07CFACA84818DBF36994CF8A4B3B45E76A6B29A3DABD3C9AD7899D24A6ADCBF11E3D92758C82C186288B60605EDAADAD2DB63C3C5C6B3ECAC51D4CCB6A6AA52565F57F8F4445C77F6B76B523EEE224BBBEF98FDBEE825EE4E605AC2414CFFEF276EAC2FFBF2657117A3F5A6EC3450112864502785832B7EF0008CCAC9302D622A42B6142805EA60D826CEBA33A3B98102EAF3DBD0425C2E434E27BDBACE5C9623173FD4CCB88C696AB11578E0101CFAFB12CA43EEAAFD3EF873DD2DA2FFE6EC8E3EEE9F7F6103EEA4089ECEE3ED8973848A276C8B6E8FA08DE161ECBFFBDEE25467BFCA1299B7A59EB376F7E973CDF47290EC7D5A3F323873121016713F7E34D5E02712DC3DBC3C4A474784D8FC667FB37A7D3EFAE8D23A4F2C4DC07E5CE8D231F68A02B327779D45ACBA31E35FF2E5F2BFF9F1234FB7F95A0A16FA6363A3839830E4E662E9BC68D58BFEFF50459D158E13894D7D7A778C4A71D740C7F7FC8F83587169859319FC6746CC657FB98E737702754DDD0904680849EF0AA1035BE08F720AB206C7C7A7A5A053401AECAAFFFEE6E7BFFFC4394E901322DCAE6B5E1AFDB898F3081C10CCB73DD4F9CB206F31FD517A4A7D386B73E0EDC75E4A6303034BC2F45F1E4895928C0E9E97D0597E511B7D569FA2FC7B4461A3B8673076DB3DFDB21FD0B1AEE03E89D815563C439862F8A82426B50DBE7E73E50017ACFDF10644E4F09F237B8D4AB4A63EDF37E5A5912251515207A496C82D763DF269AA37DD4000BBDFAB7423D1D0D03836F1919FD084AF7811F2903B2F6028F158BE4D2AA73DDBFC833F8FE32F9E6BCCD8E55F92A6F7C03040239383880D8D82CCD04BB37B30F0C370B9ADFBE563FDF5C5B8B635CCB8A9188872AC68F0C0FCB546B57019C37A94FD73DF39D4A1E55AF9CF2E5F0C3A676D168E1B5074083A207967959F18C8330283A85CA6686F7370150194420FFB25AA259489BE0A77BE524327FF1929589F619E3253D1B1FC0EF675054531CD02C73E72F094999359FE498D96909A4A81EFBCE8C944F6F616262BA2CD70C3B28746D1359C6024C3121073DC34F7F7300D348ED857EA1E69ECA1DDFC859815F5D5D95949444DAC586DF2BD7024C7872DE7F2F59BB513E946E6054B22E4FA6D383E28CEDE9FDE2CE93C8E7782BCB4031C2139ECD3D27291CD66BA6B206FF3052A099B7207647AFA73E0C8C4EBFB8162D4375C841376CD049A3C8FE3B9ADEA6343434C00009EF85B74A21FC0F1C0971ACA73469493186146C6C6C46F6A7AB9D09F0F08C110157D757176549138E32A7D35F5EABE5699E833B891C106E326377030589447A5FA26BD8AC421FCDF1DC14B24420A3F70C07BDDD906B6E651E133176964CE8A2F14E66F875ED7BB39D5889DDA4D877C94771119913535385EE5C43D1C36B5F6E2CE609BC79928F3A621F01B7BC84691144E9203430D020CFA7E4FEBADB16F88CE60F17FD7CFC611CDB73E233D62F67E6E56C5F13BEB481053ABCF335CEAA7F9DE04E32637CEEF96DFCD53BA787C8B2F72E06231F3432DB54409752FAA3BEF4EF234CFE0F60A2A363FC6F872182B0A3FEA11FAD801BE636FD7A705B9B850E72DEB66F29F8F04F3EB4B41C7D689E516024FCFF567175D702AE678E2A9538AAEE5757476ADFE751BC7D2F46D2FE8BACA33CDC58F9DB6C8720197683FB7C4BBB71BDB55BDDD1C571A3EBDE02A9DC6E093D620EF6E508FA1CB38CA273C9F531675F568C1DBDC3F0E2DE4F8FCB00C4EE53219D39B6B12623CEA42ECB788E5FCD53E472F09C1CA6B80C9576E5D1873E9F3DFFFC0AC27C80CF42C76B10588161772F4E10E325C93F4557233B53FC4A9DC6D2DBAB6E56EA92572D392AAD6B247EA0AE444B11F7F5044625898C7EB0C03045A75335B1B41E0EFA61B17A9453C0C2A47DE5B757CC311D32D8C25EBBDF87D7B2BB070B9C491D4CF1C3B31A1BD3B4DFD71A5D32E68FDA33850CF84B95E27C89A109585AFA6C581D8BBC5F8B09A053F6A0A867132842D069AEDD0B4FE9FFBDF8AABC059DADACD3154FB02C6F715B4FCA789B1B63E7A53C9868D78235E7F5AF5AF3F9F970BA5CAEB850EB867F9EA58EE5B27376DED9DE3EBEB80AC7A7C9BCE32666C8EA2D465B3ED9036370FCC7B3E7D5D67A03A6F50E2AEC8B872F78F34A9040B276707727F0A6D181CEF48DFA129284EDB3B6F25D8D125722B4396508FA1513705CBE921E70BE349C27F90D7444166F66A2409EF34568F632B1CDF538CDB3BD75FE85B493F250DAEBD5ED28AABF137063900E3AAB691F8098B32E578AB7E4A668307106C43AA352268B87A76787FDA439FC53A6625EB8C528DAB94FE901CE1DC546B5B3B59553DEDDDADA7A98731FA1BFF4BBBCF92D77F22B0E0E8E4C96760474E8CF9FB7EFDF979FCF6EFC53608EA09511D1FF75D5E01C1395E6ABC2E75CDC9FD2786369DC7B01A3AD0BB0D2BBB227CA3069A355E8AD3568B064D4615589B587A6A0B9E5C9FF980A8F0B31BDCAD8B195809DFB2D0957C75782E17AA75FA1B498AB16D7DCBFC67FF09691E0259D6141B70ED4B3AABAE88C6D89B803373FD7418B1919A2059798984C6D6D4FD70C9D518F423FCEEF360E0EEE4E3BEF14151BFDB76428AE77AF352F9E7C947C9672B7092C4947B359422FA557809BFBFBAC90AFDD8B55C6EAE210316CD8E29CFD1DC0C0FBC7C43238C5F8FB6C97B42E4761D9D9F3B80AB2CCE088C18B4F8B37CE1C5AE97294D87479888A1298142B91AA80B9801811DC46EF4F3C76389F85106A140E5702E43BF480EE1442E89717C60ED2FD6C929B172C712559FFAE3FFADEE11D51AC533F09B2D45A234E1106AAFE9D544BBC767B88641DF0A1883F4829BE75FE2D559978D9EC3ED3139786AEFE7E9871E3B9A7A07393EB5FC57796B23E2B6973469585FF2D61AA96F7FEC5F00DFC36AE9527C195AEF71FF5EEF70DBB4ED13052F195EC69F9A5C2DC464C89E973542371AD382D6D3D69933B03D123B132C6FE8DEB3B194852502372C915DE7171BC65118AA4819FD99D679949E0BD4A1EC879F6E6B3B662E5DD8F9D543CDD45CFD50326CD5917941337DC4C7D0E0703C5024DAC1AAC19D8BB0BACC61F5ADC0FBC24EC57DF6887B81415B34FD3CC096DC42B07704782FD24E802E79B1008446DEDA4254FD7026DC02A001B972FB9EA1FB111174935A94E0EB6D9579609BF299F2C1EAAD957CDB9D993878DC34CCBDBE1DE0785E53619DEAB3FFE7B3AB6B6345FE14AAFC7BA7CD37472E368E8C126C486AECCE775B7C02BEC7AD4F63B21A27A6D7FFFC6E92D1D67B37F010D8ACBB214A56A2A16702C69D32E8917837A38479D5C4B5CE37D325B3FFFD1BE9B981DAAC2D48874AA2EEF5088A6360326C1BB717676D6E40D89A30095FF2FCE4116E23A2D4636B8324E818E30366059E2E7AAF54C243CD829F0CBE3552C2CFC9FAB89696B64F2988802CCD332E4CD2F4236FC502085633DFA943E3D97786052E11BC30F57C5D3D5AC9884B5DA32D45E54C73A6F0C5EAFBFBFFFD1D151F1CC9687A0800040E35DCFA828A9CB13CF5EA692960D634AB8D3EB04FBA5C0A339CBCEBCF4AF3F97316A460BFA343639F57E1B43D5038B9A6733D7C7C707903897CD9ECECEB05EEB4549BFBC612549BAE3E4AFAF98F53FC737BFB5757424BD67666969D9B4D36DCB372489A95FABAC73D252556650026C880C4DB75AA3621A4A640DCAE99A80AACC44E9AC8CE3226556D8D36C796C15BCDB57E20BC9933E7338D95AD1AC5DE8416928F4BF8DBA25210D66B702154573281160B40801A3C50852566EAA715934A51117A1C52796E68C8A6AF4DB9CD094937B1F3DCEA7F39DB7092C10A713B99217C0AE98A3F9852D3C247FADF6FDB6DA1585C5BF9E587B4241F196B8877DC82A0E2F320FDD1D904865C4DB3651A6E5392F0B15A3D197BEEA27D041DB4DC060C5E82FB2DFC8EAC74B7550359A98EAEBEB03B0FBE60D3D6EFDA48D747FD6043A3BBCEFF2E411D664787FEE1C3041AB61E888407C7ED4B03D9DFF615C99CAFF43DB5B46C51544DD821DDC2D587077D7E0EE16DC82BB13DC214870770810A081602178F0E0EE164280E0EEEE739BBCCFDEBC99357FE6AE2C9A34DD75ABEA1ED9FBD4395535424343B730544FD490C34158701B52A77737B6B117B25F1608A6FEFA9E7AEF25889D9D9F97DB91FEBEABAF22257D32E7F29A271CAA5A68344A1B4AB53F57DA91FFEF63BFBDBDDDD7AE7AD29390989F2CA49596E9F07CB8C95D5BE3EBB7F38929C1DC80F218EA2F752D96A7A5176AACAF9F5D3F3D81869CF0811CBDABFE5B256FBCDF8A6CA09850131824FA724B8512B518869F709E8B8BC19BEBDAA43F7CCB0848BB8146E93D352FD8AEBA66D5864034AA05266B7A1FC0FCF38F7BA48FC70A8CB6A8E30FCA331A2CD40B7F8B99628C3E231AB4F6D26AD193CF32C0438845E1FF96DDE0D567970547062943495BBA90B80AC12711A9E83FD717E52126B1E3DAF6E45D9190FA8F38AF29B56363F6639D2AB614CF1A210A9C2AF602DF27C86C4D6A0620E3978BE966D71422E7AC6F773B024E5A84851FD5890D3F859A2A3D8E3709EABE62A6A4AF76108087A68F7D41CFA264250051A977477F96DE27FD0A7639D5F1491DDE348DBFBFBFD75D6DBDFA963B910AEE6100EBBD22CF6C7DCFBC113C3636F675F3FA78A5C3FB7C2BF0713E30363E3E5C9CFC89FAC983E8A0E15DCAF46E8AB0804D65CDFEDC9C5633A288AF12A1C651F0AC1540182C7CB73DFB09B46DDE7D5A79AF1B8B51633BCB7035B3EB8625BE7320E03FE2D37B1CC78D532FA64B6E975CCF64F7FEF603FDB1DE68B02FE0AF493801F8A82EB1D8267137B1C14ADE82DECF77B6E9C29FE316139B4C17550DF7C094461988C250735B8EA64BF6C668123BDE6D81F7FBD8F54E01F6BE57C800E1D42B8AE350855199B2CFFAE6AE30F400BB5F2725E1DECDDF629BDA2A1F0D87DE80DBA4EEFDAA3B2CBA70E8E1432879E98B5DF67DC19EBE45C9FDA1C161D1E3E6C404B258BFD8E0903D67101496805B1D635730C218C844CC8F521A3E40E812E762AEB877929E1AD91AEDA76EE3DBAADBEED73467003A0466C66E091634A07713460D418FA20C6467FF47C4F9BF8246547D9F5009472C5DA5A4C2E6883F8EDF9C74A3C3C3C34F5F79B68112D49D9D5E83827678EC7FBDD3D49422850FE98CC663B55D24D5C9282D2D3DDF1E37FAE1BC3A29430A292E4AF5C48405C9BE197941945C5C179DF0A418E2D23232981E56CDBED7473982DE6AD8BDD9BC4E9035F2010308088E5000B8858484041B3E133333F51FA6B722DC2CE58AA4D35975BF4F4E4E060664DDDD21277803D8C5E7B2AC22AB424C4F84DB890DCFEF6EB7C4A9FD76ABD97D1F98272D35B502774F10D936649019A455F30A21665953069A9ADCFCFCFC5C5C3D145B5D5D5D9F3EC111704D63B43637FB585B4760A8696BF3B2B38B753BE68D37BAEF6BE972FF26833ADA0088DA502A23AFE39FEF7A951616167A9EB425B07DFDCAADA7AF879FACE4D39819FF572E7F90FDEB01D98FA7D5DD55AD821FF6E70E0E2AE6FC3FFEE1E0E31B14291A361CD21202637A1B18E42CD817ABFFEEEDED0D4DC8CFCF3766FB01DC487CA0371ACF4CD32C8C0B23BC070B06783FBFB414D1A4B1C1313EB6ED796B959697E0E9F1B8C3F3709D919393F3A11C375A6AD3C6F4F6F1A9A7216F66D9B6D7141242ECD5D57DA99E987932678184AB66FAF76382C899F050D0D17D49BFBC5E0EC5C82A2D507330370FA5497F2DBEB7B7073CBC842965AB967ABB79E1F3114E018F039D1AF3C839FF419BC6FEBEB136EA2CDEB9EDD1E5C09A6F5B8FDAE8061D1CAD379D82ABEC7534E6C75DA6D5DF2582206989586F1F4CBAFE332B7153A6E73FB31201836AAA69A66203FB2F2DF1D4C49C1CE895491297216B90FD174C98CE4D97C97E37EB5A1DA62EAB49A41AF2183512661DC44FDFDDA44B7E222323DF76EDEEDA88CB02F355C1815AD866C84A6E3E9CC65C5DA6A4A8E8D5B6ECBA3D465D39DF64BD50630188D052AD958AB77713D073F7C67E61A1EB399373E9102EEE374D84D84730B93A5A7E73970FF5ABF11C1F68A85751E0A0C943A5EB2E9EFD109F7FDAF3282451C9258D6F7312C4D64D6CBA2CD8F3ECBEBAF41FFC1DF39B8CBC67D5B9AEB1F19CB0E60A154EE2BF253B969AD7EB219293C45B7DC893F4805062AACA3EBBBC711978FABB997F7C24E92F4076DD1E4CCD32971C69A3C847365D061D5D69183B318A5351097926A812CACACA98F51B242B393938B050E06C5C10EE75377A7A6062B347D135B4B59D166A8ACACAA2C6ACD0D1D1D3D3D2E620A53C9ADADAD3FDFA8D8E90B3EE6B8870215B842C361C221BDD746571DBD51D2163880F045EB43DFDBA739F5A12485C5C5FADD65FD5E7A5E8FC49A970D67A440A0330179A9C96A2755B7D7DC29CAE776F508067D26A5845861078131E48979D52A44D708BFB1020E23FD45F71EA448D009543AA3A17F95B5F77FDE120E68C98FBFF39FB127594BE71F1F0FCF697FA0253BC6205CF2D9C10E49CAB2D057348F265BC7A6C6C2CE0900E9851D0D0CA0EF8AD003FA38835EE352ACDCB435316E3885DBE7EEAF50B5AD74E9C889EF4DFAE7A1A5585445D071E0222F2D2CCC09445E6E793A7C103CC538A1F4749C2E46E0A9828F28DB5DE684334E6CFB9B95BC832D2D2D6DC777B0303080EEABAB1ED3D1E6587B409C49093A33932CFCE9C5B15F05AB2DBBD1E0E02C762020920A0968FC395D6F9FCA8CDB31B76368D16922BC0DDB1A2B2EDF87F4FF2BCBEBA9ACA8CC333F24B1C5D9AB2FB34840BA0FF9C528BF5CA25C712FDC80259F873AF06B57FD3F452D1922E5CBF605FC3ABF652B462212E6B6464E4EF2FC4ECD6B204CC8292929263A3BE561E89AE4EA0B92A871061628EE5D7C641DEB76FDF0E14047EEA48189E08A45FD007BD89914C905B7B53458C064FBCA448F39A5CD2DFADD09A58EFA37004B75699276BEEE0EE57895F9FD9425F89CED1D11B3558044E0B6CB38CFC21C8415D6E72773AD3A00B3C6C7F64D4AA3016093D790988767C9585D7D1FDFB3518368B0B57A3E1A73C3E4F9E43EDC2CE1F0741FDD299555F46BBCF4A9D13593599C4E5B33E3B13E4E2033F7F828C008AA703A94250C8AB49686E69B987D4471FD7C4071B786EAAE01734BCA917A39ECBEA5E8DE0A6B5E0225878E03D01281C4DA4552B4DE88406AA4FA4D24BAF2149A5DFD353A0AB9BAFAE3C526F3360BB31E040BA9422221DCD57F99546F777A7AB2AD2219E6DF90F59FEF7FF4A751750AD462C3915080C41C2739F39E733D9096285F35470736986FC089D5ED6E2DD902231A65656C6BB4CEF5204BDB285F3E247B9FE2BEB53833CFAEC314084F1F4D6AFE2FC27242846957B9A15576B4FA70BBE8D4B850BF9B8B94D8DF1890D3440E3D316307AD76CF458F8EC6F2355B99AB9525A09B9985959E777DD2AD01E4D6298F24C94B9CC2F7CDA5C9F783E497DB5EFB1E4E46630F37AF850A958D16766A1FA3F723CA799F07C50D3FE63A15B22170280E235C60C4DEBE9EDBEB7B7E7AEE4F4AF9BD01F73D586E5524D34F6A16986848464F33844DDAF0F92EBC8C173A01056A93CEF847FEA0F74D81C4AE5E6E67EF03A7469B28E4208A4A5C1EA77922C88B2224B03687930195DD5B52AC0089696962E22B044504C400916173E8FBF9BC3030B2FD18BFF674667E63C11522C14ACD8CD166FC7E014F2A8A5EB4C0FA22AB64D284095E41520272E1233AA2E44490EEFBF23B7FBACCC339D5E303634BD5FF730AB97B669FAB2F61C1854AB57A95CA28E0103D8B978D68A539D636ADBEC72AD4A359E010F99F84F808CF94315D0258D3F71565FAF79B408F0F3AF3DFBB984633C6BE207CDECEFEDF13BFF0DAAF1B3B4A4C1409024AEBA3D0F2080A94D377DACD7674A532F51061C1964F7F957E4E0CACA589AC5FA860634149493EE46FB2FF9B11358F1FDDD491B3773BF3E01CF3907FAC77B96F06E31D2E802EB7ABD546ADCE8A2C24289B4F719FEA68FAE257D90ADB76ADE26ACF7F5F70388306F2D07499C8734AEFED19636B27F7D777F5FBDC33502E92921F1E93DCBFCE670FA7A60ED83D83B1AC667FC2DEAEC8EBD0458DC671CA5EE49E68F123A6993826773B6F3098E18DEB45A49EDBF87769D03D428E57EB9A1440A65BF8EE712E429053CD7502A9D69A212DB298637E5228C4B1C4D08F7B863E3F47D471F5F282015E60F7FE0CDBB3077B54AC9998C35466CF8E935DEF42455678A25BBA6E6E6E6C28EBB9E73301ED09C1F38E3E649B390C4B1276CA68448F1C720E0774DBDD34942EA9A5E7DC0AA1480D2634050913989850E0277B629814008E4E6BD356745B51F9BF6C5B4F4F97D7D6F399858D14183C190F44C71848576FFFBC9C615FA0995F13DA4FA23646B09D2DCA1BCB6FB5F66BEF547B20D0B0D0E840132AF665E767308EE037456AFDB2B47BD8E38F15F55997C5E808B9D8D01CCC27213AD0A92A662408DA5BBA609B9721B163A2F1A94EDCBFE0BD6283278B29EF855AEE15B94676339022BFC2E7567CBA9A76BBF175AA97F7BC0A9959271B43D2CD3F68629781CFCCA7737029165434A006E8A4AAE0F855CB7509AD889A6D295B7D24777A29C1B93998A93C5EF4E3426EDBF185F1DFDDE9B5D6C749A6F9601256C3A4BBE02DDC4100B78282A2BB75F2FDB189C94912178430D668F33F824D0532461274650C90D0F0D9104BAB0262982C86021A87500070F4FE4722659EF1A0A04AA413D62400000AD8D43F72754CBDAA68202F1FDB8A03FE1A40180D58D70A75D0BE7731A70F957697EF737049D8686A6EE4861EC1680BAB0626C04B143EE12AFC8D227133385D1E042F0580D671A44BE1BABABAB6F8FE77538AF7615C60BDF011F35ABCB7B0D5939C2AFE24490360745D85A5B5BFBF9B5E6E79BB8B9B9595BCBEE1FFD345D6AF13CDE184C1679BE1D6F745A6907C846654BF21C24EAD5E995F3818D023AA8392A2AEAD3A74F80D5D5D393FFA18B135026A595295CCC6D53BFBABA9A98980820B6E6E6666336AFCB3D4D5D6EDD90BA00DB65E3B89B8B699515BFF351F7FD3987C5864A305872FF084C0F20AD0536432BA49801101B2D60C2E1F55FA0AF14ADEE2F84F73A3ABF262644E14DF8C1DA00AAD0CD005A8D8C44E48FB9F76BAFD46F1C2A9B84630FA24DFD6F55D9CC8C8CD3CD02BB90800662CCFC2E3A2507E86BC6E7CF1B79531633E6C8F69398ED2F47ECC4A561E3E1BD1607C610151DDDE8B8248FD0E4754A41DC68316B7D5F87B1EE9D84107C324019EFF7749E675403139D280590959A577D004AC57C03C2A2D87BAB58E557A69D9D9B5B9CCE05D80CA091C49A0C1DBBF96F4BEDFEBE107C472C6717D14ADE68DC3A87044C73061EFF26B9FEAAB58F4F1604B8D31216F0DAFF124538F569B3ACF506B0A2769561AC9E83A969D7FE252E2EEED402AE6C8AC5709AC34ABBFF6816B79E271534D9D927A6D053FE4A634938D09B34F87F95D68AF08699FFABCE5A9BECE52CF9EDB1CD9B8BD0FFDC1760B1D9BD1C80F0D4DDDDDD8CDADF0082F208C8CDCE34308959590416DCE208760CF828A650D4E4FF59749D921E4E6DBA46F1776B3B610C8D5458515D067FC10076B78AFC36C5D167FF084082279C0B75EF7079CFD72F0170731F46AD74B9559E381E37FF23D5E4338B513B51A4E41A6962FF3FA37660F80A4C2E36B0D55DED4215FE39EC83F08BE56233DCC68E1948A805042AEEE7DB7805E8FF039FFB1F0B073F0D6021B5604DE60AD9AF36980079396233840699D7394B366BDA222023F0B9E4282369C23DEA5D8B9BDD1088428C840020A5E6E52FD5CADDB7D47A9E305C5A18B971E6C74B9CEBA1824EB2766EAD73CD780948F889AF6A66A32C3615ACA0011DAC6B74BBBA3AB3D884B403594E31691D237EF9C4D5E122B2654886F4E00740F79F0E96FA497C15F7E3AC5120B9C031F37C50941CA2B88C2C2CDFF4349BFCF69205E9C1EE46A284DE6A5F4DCF92B9CBCB919091EB8FA2FFC37C21437AD69623E089BB8BCC706C401FF167BE9935C116367177A8A5FB3FAD501DADAC6C4568DDF55C62A13A67FE3F6BA5770D8B55F11FD6EACEDFF71A92DF3D8A20AE4C1437FE9F69E699463C858C5D55DBB5D9CA48BBDDEA52B51F83175AECCAB5013D36D827290AFB7C532681FBD32BC702E8C6890BD5194DE83F83B52BCA4687209E2B7A0623B64F22A62649454F81299794969A2AF474A3FC7ECADC65B31C4D17B4EE3EF73302852C5920D153D9FBA0BAFFF7E262C74511EB64C981D16DDE33F06FCBE909B2CF6BD6155ADDC72A7E51BD9F20D484610C6FABA2EE70F4C07DFD9566E75571434312EF932A40502067B50A3D3F9C038053CF13832BC848070A1CE61478BF98939393281BCA1A23490150E7C02BABC062CD2A10C8B8F3EA78A5C36D776ADE283087F5E1343EB0D56D572D74890F3991F7E54EA0047FF35A860C955792CBA05D28682E90685AE26899B130C4D68291512640A085F03CCD4E3F248066CB52E27F7905AA4111290FBEC516DD404D90661305642A4FE43659E476B8E341417C20EF69370F20FA13F88E663009867777774F0FE3CF0F25228F3646462B9CE3828510CA8EE3ACDD7940233705A84FC0DD749E3405E6AB68D50D1EBFD95753C870D64144A10302FB6DA77D84CF172ACF1721A40FA2804DEF3BD184971500EEEF824A715C31B3B0D0F4579B5C7FD36EE915884C921DC6E9CF8F44D64E6038A004D87FBA404542A3248A98DE08FCCAF5C93EF9FDC4C242A40E91B3B658905BE8E41B10D9B09BBBBBCD12EC048972CDAB294C9A9F2017A4F6B326D0F39028DBF6BFEA050248BD1570A9BD4AE4FDFF124FF92FFD0B020B008008129301DCA2ACCCBF59C3A5850BE666025AE40A9F457DE502B3F53F5A179D225F8441A0700ABA087D45F0DF7A87350C9AC24C127EF5FF77EFF43FFFA8AD558F8835EA7E8B6C4BB3593862AEA38C08B46A06A5C51B6A1F2A624F3DF2D288E8DAEA5D25D698D4CBB4968A05117DE4730A72EBD91E073A23EAF1538E4794BF0B065F54B9539B844C0652BA032920459F774A754E424D88637B0597A07E921A5EF15F0DFE6F8B9D2F6523FFAF43DBDDF9F9115ACF13F2092C946B5D18100890365F145DC4C05FF2FF9658837ABA2FF5A93F4703BF5AA3A88780F8A05C81AF7D05C6B7CF02692E78958A908CD8040A85ACE42F237A02E559FD1108F4D0D5D87E59F955A5E37EE9D876921868456AF7E0A087FAFD1BF36C10381A09ED59633F00B82993A4B676FA9C81ACC08F56D88438E7DD372F8DFCB7BB03BDDC80E80EF063036DE1DA402BD84948B4411C50171673FAA58113B801D307BCCF8671FDC00CE1913DC3911193F3A29179B602020F50C89B2189ABCE6A454457C833CC4AA48A5C7E1683EC7A517784F6D394DC558D18101137B7971D4D80277CD247E83401FF7CC6FA7C36C2396EBDF826A857620BCCFF1E16B2BD883415D6ED9F6DE1EB87F371C006049E6F8DE2B1BC1F18EE16EA27F3255B94445C71063EE5F070D32F62D8EC66636646496EBE3B5554D5F1D43C2704254BF5BE43B3AB09015C3A3838385DA2A2F207710B1162EB129E3266FF41B3C4A8B39A1C01524626A61900CEC9F5D3B4121212023C643EF071DEC97F5F3FE3EA936249AB194D98A0932D89F77244A81A53BA5922A7D5D8FB0E7602001FB254664EE284C13E9091DFEF8213840571B2905ABD3776FE0B210EF6AA78BD16070CD873CEB1DFF6E5BCD1F3547A3BD8A11F840B1DB9B4B79673FE64419562F44996CEC29A498D8B902EA32D5BA07A405F264E79298FD8E86EC27E19B2030C015D84226BDE03D82B3260655908700864BA37884E6764C45727ABDD195770038E1FFC1B01887B71B753B24EED6E16665772A680E951A2A8339037C44ACC5AF6865537D0E102F02A4E764B8560DFEBB6EB624BF146F93D0C8FED8A85D62E7D857D9A63883391DE6F075145DB7765FFEE0814A96923CF76F3F0B05D0AABE3BCFE7CDD72DCC67BB7DB5359B44F89F0833B95368CE118B54AB7DEA53F8E58EF9A5A97869636BEFD71ECD7D4656D33917CE5C7AF1789F7C3C768226D4E4ECA9BBA6271094A5EAF8F70318019B50FF6CDA61BC5545451565E6EF5B62332F1248840B87DDD8B8EC8FBA9A4A4A4961B97EFFEB9F6FA6A52C9C0AAFD597880AEE114B9E15547D0EBF75425701F383FC2BE8A9C0AED55604E2654592C77D32A5957CEA6BEBED6CF943768CB157055806F95774A76CE96B5AB3EEAFDF387C692E63056CB48B0A353AD4B3FEB1523EC8AA52D9B796F12B29C1C51F209054A40F2C6F9FD3AA2AFF258625CBCB96ED2E6B155B58ECCFDC1E3677F30F37E4BDEF981D5F595F25EB445CD7DE0B384D7EF4F9B9A77CC2AEFE9E98D7C8CC4562B2ED1C0A983B0D76178B83942BE57D1460FA6C5F750A251B7800069B7193A0104B0242B2BEB6995F46915F08FF8B7A00DAAE911A965000DDB99ADC53E6C4E89D3E5A3A8B17BB8DBAC06BF7F8C7ED80F7C7A96C69D8DDBC691435679F6990C863D98AE5CB2AE438A89CC7B12A18E2A1888C2DD176F7CDECE42D54F630924837E84AB950830076F1CCD8A04AE895836531A37FCECF2FFB9E5C9FFF133BCB013F5B4574DD50A522C4B592ACEDCF38229B3FC8EE9F11BBAFC14574F93D2A3B959C56BD3860944711D6D32C63A7FAB85C0F739FDF8D958BA6E514F7885EA4C1435B22952C53D8308BEEB4B93813E4F6D1FA69B152F0846704D0C5EF14C8F99247421386F69DA167A73AF3EA407DEA617CAC45B36E3D54AB924F7D93C4D89215A1036554AB921877E254377C096FC60CE75F6543FE9AC31B38B9BC2A2F7D6CD55900893511EF993638C52A854F75992F5DBA4B18080874E5F918761E2F2B90A3B819BC029EF2522E38BAD93D1EBE558EFB2838FF0C8C30C45D4EAE286CBC19F890FCF3FABA8E39B30731BC72C29D0B2A569B79EB47FE07928C9EE57D9B0B5A5547CEB1A4345133B4D7FACC198FF54FBEC73729C9B2497E6FDCDEC8B9470F4C351B1243B43CDE9C94C8F3917AB4A7AD538617646564484D46A69CB6BF5E4D7AB89D5D5271BE6D2774858455FC06BF1C71D02DEBC548CF3AC0C95867669386B8816DFBA809BC362268895C6A62DB7F91DFD69FAA3401B84687594D803561D9EDACD9097254257898D93E9A329786DF2C1DE74EFA86746D20BF273E797F937867CF58EBD8731B3CBAA878BF0526EFD776A1FCE1F3DC357F868EF3D815FCE1518CC53B7F37133A3A48147419409742D7975C05CE33342F4EBE4C4C888B7EC7CDC6F7289F2222429A7AB84400B415F86CB6FD1712DBC4703BF334D88858E220B1BFC30FA0E5543D8133A8588E2CF25282C9CBBDB0EC6DA181975A8DBEE56DA425FD1E022C819A2A4E6A296A629BC8BFCFE16F3490331AC3B79FDF5F52618EBF7556A9A83918D5C93EE1485F6F2D9D050BE5484B55B54576681BA228670AC7594A4EEDB210A75268E5E0A55DC48C975EEC0CD121141FF0B4DFEA7AE235ACF80C352D2A74DB480B9AB0BF406FFA230117793185443BFEC74CEBEF6731D2133FBD92CF71A97B59FD346EB9B76BC4265758AE8DEEDDFEFE5F6BACBB8F7DB6FAFC7D5EA590F02CEF6579E559156BE36892F40A3CE2FFBFB5EF4C9B482AD07CF6AE009387E5127280332A8A87054C4235EFCE336A88FC86D3026E80D03399A1CC5148506C52CBB9A90A42A9DDBD50421B4DBC905276B16C90203AA51FE9D7994B992A254BDBDD4529DA9AC6D14BD86C610ECEBBA0824F54459375B130DF029CD2729F6B35DD975787B062C81E6DD992A7E1552FF54F412B3E76D299ADB948E739DB6EDBFF1F38E3E290CE8867EF732CF6E7EBB67F05FDF977DEF00BACE62F0F4F36349C716DFCDBA05E31E83B6E0978A0E8FE9C253A63CE1BBBD7C5E38EB9F1D0FC9CF006DB998D4864C94F70F185D8CD0DF978B70CA0FC1B8ADC8C1DF1F5659B74EF660C9A091AF3FE2BA30E580683E9FC33027F799635DAA48514CD24BCBD3F1A76660ADF901EA42D5E26D7FFDB7B7117267121FB32076E0BE66A90DFBA476E63197397C63F82D1E971CA9095A90C782DEC66EEC7B075F12DFEEB3A79DC3902687E26F729D1C82B742C35E673BDA3C2D63F4781372FD152A73ADD2EBD65E542F341ADD1A935E7D52F6ED50972A6E9C747762A96CA892B42E153FF79BCC28C9120A5576229CC20F7D8B13A9646607D74E37F8660AE9222797C7CF114F25B546BF1EA9CCEC6FF64AF20E8087BA8397536CABF6F5331C092A9F853FCEF0458D4FD147C2CC6D263D35F5E62ED9FE68BB7D3CE6D241FB4051FEC846E7E788F2E2F3B0BDF4DCAA80D392D9F067DFCB67BF86BDBF9C9ADF9EB52E57AEB585AE0BCB488FCB7FCFFCD859475F2624251C956D14CB1AAC76839A770A933E97B708BB0C6CB839DFC7E5AD60B5D3319AFBFEADC264A92DE4D202757F88C4CFEBC3631EB3E1EDED5A749B95E3CACD5BCA253839674F93DD58FDB37A45B5A4689E5B4F6AAA282672EA1EEF5BDAE730F6BEB6A5835AFE4F0FD3A7BFAE5271C73B49214F72BEE399124B13105EF9A391F08603E318667DD57E7CC2662CAA1233C5E13D53D9E20265406ACABFEA06D70D548AA0B259278E6321CA74ABDBDB7370F0B163EA92C5C4C6AB282B8652AE56B32F997B5110C485169A728D71A6E518F9EE01B201CFDAAE2446B9F190D69747156AFF9E5E6EE6EC64F67AABF2DAF136CF9FFDA293CCAC622BBF32F308599651D6040C1558974D826CD3DE7FFB591994B9B6853EAD4C90ACBACCA92A0E93DE21378CA6D65D1230CBE7757A08E855D222DF8DA7CA293FA9211A954966743EF852774A34BA870A2B529A62F2DE4D5595B717061751658B398223071FF29A8185CB12A1CCCE4EE0DBCA6CF0047A849A2CB9BDE7F593D00E167CA29A8CCF685DE2D257179FB3A43BDA46BFC64965F1752626366F66257B240B53EDFBD2A18CFD2D734B617C7B469A3ECF9946C86EEA175B7D6D4D8ACEB03149EB0CD0CD489E5579EB7C47F946327979EB5521EA9492B2D0084DBBB9C461BE5D41F28DC5E2094C7E9ADC802D29244CBE8BBE9F8AC284DF0AE828A86D0410C5F4CC1742F6BF488125BB56C390F13498E9CBF4D46AC0153FBE90052E24AD59E0F4864523A531D3EB36803526767B4B4B331C8C6E77D1E915ADB7E7734D636667FC09564597F725B72DB996D7F85AAD4CBD03D49AEE128766E3CD9BF1C81845910A6F7FB6AA38A4C4297EE094EBBA1A5209BCC9E9DFBB1F7FB2C372B05AD4B3AC4AFD0D589DDB56114DF1F5F56BC05D7EFD61BCE07F9B28CB4581748D8334494FC3A483AF82F8A1FDE9913447F88E8199235A3BDC6FFC8F180BAA18BB504D6A78DC444FCE1A92DFF38DC80E3573893AFBB7B08B723A044CEABC3FF8E777CFD845616D0574CAECAAD82592FCB892341C7D7DD2B46BDCDB8C16DA95BA32D18E10B3941B4BB7DEB42ED6C910C3AEA7F68673274FDAB8206D9BD3DBE7001355D842B8842D897967FB444440F12C9D768BB9A70E835305C4CC6F759D8BFEBC9317C778AC6AF3EE1115BC986EA8473D07BB0B031E912EFEA12BDFC5332EE780D66C9E728D928AD10F587141F8C087EE8E3F9D1D0FA77B034F4C58DCEED248DCF9E9107D2F0CE47F82FCE9596FB4473B871E0796B9808AE3B22497774CB1A5CB1DB08C67380A1D1DC00C0C065C793D44A2D8E49FD94456448E20545539EADEC17F087024801515DC7240A2FCF661171D96DED8C2907517BDA846411E59437D61167043F91102513CF91DE5EC2BAF639DFEFE568A9F422F3ADB6317B3A5A4A71FC4A6CDE63EF5261B153153E636E399E1602CEC2C1E79DB7F74982CABA455A9DBF854DD97327ECA75F5F98E32FB074724A1F27D1818EC3C959132EE0B273F70313097214E957BA49AD93649C87C69DB8FADB987449F8B3F55302EEA43476FD46CD99D66339FBE81879D96C2AAA4920EB0160B1AE46B6FA442A05FABD1EBA90A1B7272E54C9BDBF43170ACEDFE877B9B19979AB82BB4E95D3B5DC701C3F8B5428FD016E4BCE206CD272D2B7D236F30A6A1A29369C9B688446F737BEC09CF51233DDD7112948338931169F3399235AABE30CD733046E3D9D32FE63E00FE51E19688353F9791F6DBCABD8D1556ED077AFACF5C3485ADB56288AA5CE8CFAF412E19F748489C37F466DF604509321AE963AC7F8BE2297D5360C0B5AC99D137D3677ED40E7683EA19E1EC55CAC66631848D5DD8E0D22A641A8F5DB909DCB5680D6FE6CC5CB739561B89DC874F874FCA881D969D05B3BFD9CCD1A59694F5DF0618D616D7394F18A6C1CEEFD961A68062CC4B96DE5AB6E46FB64EE545CFF209BF2332BC8B7F101937A87F3C8DB4936749499233E368528290586C0E2775FCC9306B33240FD65F29B99EE7E2ED0E611EC80C068F9E9582C47A8EC97B3D2DCD48B20E3D6A89F48EDF923F09BA70CD88FC104C48422EA282274E019873108A04F2B5CAE30AFAF8056A877BC08DFDCAC4F178E08D135EF898D1C3978EE71085F46F86071D15B95D3B02F1B3EACEDB10939CF417FEF9887E97A1DCE61640571A79C1C266737263354880A0427C1F36C339A0C0B7C14F124E2827E224E15909615E064B00D801CCCDE90C2C67ABD234A5BE99A1BFDED9C5ED001D5B32E2B63DDB610593611F9FFCD1C17DFFB3182B7D8989EDB6D76F5F12D7353D43DDE424E46A0D45826D093825B6749D005A8F1A1F90281A679E3A7EAF02D597D677AD2CBD7518C74A09EE4CC59DA1CBA201EE36C5085FC2342CA2147016DBA7CE00239A1B227245F4F0A115ECCACE399649B270072095B35282D857CC736AA932CA3ECCBF27C354C00B6D7F689EAF353CE5B1E646FDFAE8262846BD88847CDC3EE1816A3B8F965A3897C274F3DBDAFC8F97DB328F600728D8A85CE201401EF0EEE24B85B3A9FDC5556C7C7FBFF4ECE254D7E33DF69AEFA709D68B834AE2A8F46A5F2DD62C1E70C0E9CC11EB8F87B116BE73333CD75F8100AEC0F3E5567A3B6FFF2BE9F4D25D54604FC29320EFFA38F0D9F7E1C082F0F0F090EFBC1F0104D229C63B1A6F78D0FC20B20DE2F3B3AB55E2318F82DE859FA47909E0ECD21072F47EBC08C1497BF92F080C4DE7C406FFC3B7E8F088B4E3756C4C19ABC2CBFB039649313C4DBE45B14AB11B2BCF0F5006622ED956505F125BA0E3F7DC4DD8E3953EF32AFF79B63C5D4BF5F68E488232460BC1960605792B7020C1C92380634FE3D1B6591F1F66744431506E91459A847730629F75B4B4781AB77C71A37BCD39DCDDDCAC4B9910C4C930D8F04D8FB5E17FBE87078095F43F601524ABC3AE521ECA84ABA0A2A25276CF176DAD2D9520B92BA3F38E4C79696A179F906F9822B1BAA59132FF9D8D4DA9728982A7CA51AC7394D74B86081F115A9F0E1BBEBD8D8D49CCED6380CDEBB2BF1E2DA9D08AB7DCABD486558D4545168EFE91C008BF06216EB78AFB4F65387FE6D5166F6EC963C87F47C795DA2794667ABD47E276E0D1522A888FA2C784DB97D16B8A298C3CAB5A4651C61A969E4025DF7D081AF31F6EFFE079D3561AD9B2969398789A883CAFCFB17988060365599B099F953D6A19DFFF1A05CE3B2C37974415DB9B5B155B2E5D2067ACA181C770F4D063D8514C6BEAD7AF01FCF35BBF5A1F8197088F0822E3F181AAB81AB84C963E32834713462EA508DB5F7D6289D7635BFAF98452931BB5A8A80819F7E1FE47D1B82C068C70EF5A6D85571E76D5FAF9EDCDC7912C32841A72B0F978AE103C1AD13BC89B2396B5177C91DDAB0830C2B5EE95353D908A26322948B42AC18E2A755152131153382FBE2E3A6A28524E5E231157AE07BB0C21894E6072FF52D158350D6FEA59045DF044F4C3876A37FE0D377E1B060B8E4C7CB3808E8EDA5A756CA9AA79BB7A3D330230BFC647B4ABE3159512223478DD739FB669347266CEEA8F1F5F658FA64D3C72F441361037684EB166840CD29C6F90CEC99DBA071F192E44AB5C135B2AA4F34B818B6912962678922F279421984A5E84AB1937C2CC223A3A2A3A3A75D8BB142A0CE5B4143BF663062757991917C1ED2B111C14381B5BAB7ABDFBFBFB92437D7DFDEC3B2F65B4C2C9AF9B7B2F96712053005D4EDABB9C91BC63C5898BA068F5FBA986B2A25A511459A40B8AAA0E599F1E8662323BC9A6C8BFE323BFFCA462BE44850B19B5DC3F3ACABD2D2A82817AE5B20A0DE288EB8594F1CFEAE82A7C2100F52C7D94B9547D165F0A8B3CEFD39F87A74C942DF68599123B13D8ED5117B7AC5DD874B1791628CA09D5C0A4521D4B30BA1DADD697680C758785851D4AA1A953D3C296AA5D607AEC5487D3B1FBC83B29EC4284163EBD1BE3D9D0DEBEBC7E4A3503DFF7EBE7CF9F7BB3E5AF1D604111E16E38C2D1F51846F70C7E9FC26EC870DE15BFD54A60DD51BA458E3E42E1775C6967BEF4630C5FF80CE29CB5F937D43E7C66C38DC07935A982325903AC6A30A41BD2112CC7B11ACF156565F255F3C3CA7C39CA7799750BF6D84B3DA431548919E3E61CAAAE168A8993D654EB435A8655BCB99D0092E958617D1C5EF36869A2478A504BF312CCBDBBBB9314400745C0BBBCFE684F19A9F841D020FB42472F63E8A8B438A65BD19D866AF75C4B555C524606189062E58DB2384EA92C45F13B406175156C6C76B785AF9BF6F66C37BD5E1F8B89243F68AB535BC66137751A2710B3F5F1F3F37F7500BEA8F86378447E9C8787E72C5DCD2E7478338945E1EF308EA42A98D4461731968B1F56D431E48FA4F172524EE6DADB3DFA7536F51C443906271CEA1E0B787F2C06065A1A4E6DA9532AD59172054D60E0CA1474B2E7B5CCE1DD932B2B558FBB8495CCB9B32CAF12A8C9783133E615D3E9BFD5D76BF2633AD8D8906B7F593CDCEA17F03CDA081B62342ECE0AA322DDCEC1DA4A0304712820E59C5F55ECCE93FC707777F287BBA01913A5100C993AC28012CC16E35EE6DA4340A0AB2BE72895CD170F0F8FA4F88555E79375B3FEB853F14D6A36F55171AC6521E17A730902E2C3C99F0B13FA80457DB313CF501A9BF9FCB148F3062E841C1FC51691A457DC2F41176656F10360352E8EEAE45635FED6EA5A0C7D34661B60CE1EDDB251AA07AEBA3AF09FE7B7E856656FAE20E1ED8C466020A0538EDE519E81826CFA2F90C0B639DC060DD479A60D672FFDE9FDE390994DBE07D009EC7790882F0734F0E8BCC7EA32D7C0F828702D4BCAD1F4B71F3C3D79591577A6183835D33486DE8E68D417BC0FA4B15869F7DFC311BD1B5C45A70E7742A582FF2479947F96299FCA9BFF305AB0BDBEDB63CFB378E8119BCA39D5FD9E3ABDFDA9C98D95E1C77B9643235C55EC36C3AA33FD3CE8AF817FDE189A2002F7C560777D6D01A655C38AF21DFC8416E21D3D25A56417373DF72ABC5BCC57C75671DBA25E8F5B3A731BEBDDBFB505D75CFB8C1B93627EE6887F316F1019B1E8BF703E2801ED4B6B27D1DFBEC345D65B3FD295D63768E19C4B2F47670751C9A979A3AFB43FC6CCDF4F56EABF13376E682241BABDBBDBF33C787B36A77FEC7FB3BAB1615EEC9B2235A19706CE460EC6700D71847C73046E90EE38FFDD4E7AE04DB77A8B479BD7D501298EFC806935F8AB936B6EE6570A598A351FBA8BBBDB7374C7058ED2E9CA3F4DE745C878DF4674FCE0433AA9A44B2B527B4D13034471A3C3F270A8061A36D737B9D8C070A95745AC66BFDD5A966892E51A42052DCBBD00AFA33D4CB3F862E41101230FDC93D7DF7FE577B37BA4F2F6AFF6C74D8574B8F04F6A3B9F149B18A60A8C33FE299092E5074D6CC081C0E6EE182EC86B41C9F5E0B79020B5793CF93DA63117C62C991C34286BD7D8CD23E3B11A8E856E6763714E864B3D9F6B283DB89640E7E6706120E0C74AF36F7AB4546A31AA6C97063067767AF1E4285BE9EB133A01EF1651B4D4D7CFEE5F4615ECB834C9EE302A5877A0FF1E7B99EC5A25D3A1FBEE773BF3FEFE816DEE76AFCC62AA4D73BE396C8F491CB7BE562CBD510EF62A932D0CCE8C6488B24990D35025C3206BA28C2A98DEDD18BDDDFC11949C268AC5DE17E0BA3532349A2D83DFD2FB8B36C6E0752F66DF85DD7CFB6FC8E6995FD10695C430AC592493291822AF8F00F99E80D3736CD4E7672DA0D7B2B3B36BDDE2C98EF558408581025ED33D3D3D17ED799207A91643B4B3A466D74F656BD3CAB6F963ADDED94E6F9F9FB60522867793B7F5AC7687DB607373735F5E5FF733E56713E0E3BFDB7D39995B4D0A18CE26A7556E9D0E1215F526FF923669C0CDB6BFFF7B44CC0D711A7A09F901A015E8540567CD0BDEC0735E8E2A67AC32D9E860137A3529B51035CD19C04D7B62F1648F32A4A57A728D534FE6E933B5D1AA2C474857717A28613BC950780ADF45E4F0D7171598DADBC7ECBDCD51CEFA96A148D397B1727C7C70802D35B9FF56F374E93F72012EF52AE7322C0504046CDA379CDFC64853E6BD9DFC65E7E858BC757F7D9CCE5D51555562E0D1D2DC0C6E59F211CC2D2E2EDEDA02900465A54A7750DC6340878B0034C15EA8DB6FDCF12F335B3F7F06693C961BB3E103A6A8152B00B2111928C3014B7D79A541C750D0DD968A60931AAFCAE898DFDF475F15535B3CA6DA984D96C5FCEE23D02FAA3792F0F2629461E50521F0E8F2D498664C889A60A9CEEF3A6574B9546AD5F4DCF8EA3883E2D8E6A7B44358B205530505FD84044F8797F355521494933B4BABAB3B91AF05D2592ABF7EA56361D99AA5EB09DE529842444F16FCF2EE63E05040C78A3D8FBAC442B83264332061BF0CF6B99595712BF50733077BFB8BFB47C0FCA3E73EDE5F9F0BC19A2A0363DD3A6BCA9B224B46912D1D4D31E622687A7E59E3AB95371D6A29F8BA338C2E7C93BCDEEF245918531D3D5FD5E1B537D3100C558A7576FFB821034E078702D3283211C0574A45A18E584A7188245D1A652A5F90C153AF405138F96B6141AEFFCFDB781155403037373767B5341F67B3B8B5E38809DF1060A9E43E4CD558306A557CADAC64A6A7CFE7BF289E9449E8A10693D6A58DD60120707C9BF2997F726969B41FD44695FD515474CF668BD2592F05CE5BC482871B0B05CE82F2BD1E16020CB8115A54FAEFB04D8D476CFB15CE39D45C3FF42899D5912015FB664E7A7A634DD91E212AEA617F7C1E09C9D302A1933D2B530A3D79EDC2C8BCD368A82435A6FA57A0DF963480625161C1906320D0ADA39A4605F0075199C6EC5EDEA572738F71DBA55D5E097F787EAC7FB9002CC89F13C7304109A58A3D6A596B3F58C184A287F4FC1D9005F1CE8BD1D151ADF2FAA6A6CC742F411292FEE34B9FDB648C90CEBFC0ABDFCF4D1739AB1806A3042F380B1EC8663A2A2EE089F98FEC734B4B4AD072BA5DF884F8F83A6D3EF5579EA0A026E4C024B9FE8757855C6C6A48555F4628C19FC94FB02AE2E10954C733B3EB6B27509208E9D7B1C61C0AE6F7B535B51B79B888043CBF95B6BE2F0DC537430B0F594A9694132DA35385604BC0669894BE93E200944AD2EE065CB3B87D3E599938FCC7988D4E019F6A52E8C2C7DF4029D67F5F0BC07244F6CA25C901940E3C8452BC930AE5B304C798A19DC6DF170F2F6A0910602AB418B927CFACE2484A06C4956E1476A7717C765D9A76168F9CDFEEE82C095539BEB34DCE851D9CDA7D47CE1CBAB3B3F345DF953F078C9F421DC30EE852AC2E3C5938220CD406A3494C2604A7533EC25D5E5C241086DDFBEF34C6F8F3C427304526D4C0ECAF7FC44D1AC8641CADEB8B9FE5ECDA54C435E05982D1B93D67601CCCA5FFC071DB7AF9B221664B364FAFC67F0020713F57CD8B8B69155AAAC85F569A891EB0C90C9A54DC744252ED1E8593033974D285898EA3D65C3E6D86FC8C8C26099258173E8F53450A762FBB009887C48AE0E4AFC8EE1662E184101313CFF418B39DDC090909BDAF2044F9E4D56560ABABAB84DDBBBA6AF234B5EA1C713D353FC12E1628007618D4500CA911779CDE74217EEB2CAAA53C41A7D98E53838505EF270B9D60E9E5429E791C82B41EA99D1A762FB89088FB3C972BE40B5EF9E23540F2653009A197A9F3CEEB8BB2D6E688665298AE5BE61E8C579CC5248EE642A3539E0F2C067AFAB045E362B2E3D1A58FC529CF67A2A77796017643BC4A7C5BD01F7FA2542509658C6E65A2D41E04F2BA78D58DEB83F3E8CD6202888B96AD19546F09078E2CEC36E187B2001F783B9B7057BBFBD3B1D1B7CDD0A6E922C3B9E93D4B3A636E4E06357B151A16044ED4F8DE1AC9C4E72286AB28293D9ECFCC8C1717E7464A07B2F1DD2E5D2FDB5D7B7D33689176DF191778B49F4C0F862F6C7ECF62F1B5CC3EC585F2A1C22D4036F03635FDEF890920EB4569A57F1C1BD5F347167B59CB1E2C1299F3D6592DE0D6173402468BA4BDB8778D92BCE6D5DA15E865FC77689A7CFDCA30B0CDE5B0C7463EBC257A7C7C9483A75265C898F1B011FEE2A6C108EFDFFAF7B849564525DE074BD1DDE56009E48AD6EE68A85B50436464B12AEC59A05FA9C5CC38B3F8FBF7CCB403353CA0F5EE751B239A5BAEC9C53D9BFDEF75CFFED2D133E8BA991906276B0253BB25D9EC4A11EDF82995574355D0E5A01200305C80C11B5CA0417E8E08EF34FEEB2B06C600D46BCF7A30B3DC02378BEEFD8D7236079AAE9B553C0A2324A5E11C77C12723B31BBAA69ED0ED2D9172897A51579D77688AB1BFE03B1985B13F29214CCDBA1CD49F20B90D096F5A0D592B855566298D9307253BD6D851CF3644861CBFFE4A612E4EA7C68CD20DBE3C35D62B1ECD247C9DF95313B78C2BB345D76DC1EDF55FBE34294F1AB13532CA8D93F0A4EE46B82468098AEB8CE83C1B71C62DCDB94FC1A119D112D424A74716A6A66BBFEBED8E3B9E9F6209792912232E3446343BEAC892D210CF00048A15A045102C05A7898BFB5A2DF56B4537BE7E83FD9B4040517FB5D567BB294E78CA347571148BE9E6CFD0248361127ED31E7E4BA91FC2027892BE2CBFC2577403BAE32619B4403A3E3F3B323E48F0445244BDA89B8E12D1BB6E1B734803DD35FEFDDDDDF6549B79D482C29B74971991A3568D9B51000C07EDCA99B6A57C75405F5F90F61DAF05771B9314C480A39ABCAF887A579D2748D20637BF7DD7AB24C0331CE779C19E6A3FDBFDEF6F9EE59B5B5A161717DF98292929D91C6083CE233EE75D8E52CDCA5DB5F2E94020AD71438474A14C1C117BA6226BEB49D7F9B848E0D19F26C56B04006423FABDB4A4C245E0BF99AA9DEB7BD454565626118EE6B050433D2D04050A1A81DE44DD0275373A75B86D8DF08E6E454945E3B2BCCFD83D02816682B6E044FBEE2EF7E34984B2760D83B8AA031E7D526B018A43479EC0F3493CDFE8FA52A8DE6E3EFF35EDD3F4B68891B641E5FC3EE752298A59B58E22CDB4E255AC550C62708242B493681A60E2E967EE17ACF2A46479419FCFCECE143D5F812309791DBF7E56A219F3A5C3BEDB247D3A99F966C09A2B74DF8F2EF2F9F3E794DC7A1D26B95F9F113B8DD91EF160774D800F2919AD3436381A144CF3353805DE4E1575E6932F2464F3E9F5C5937D749226F3C3FD6DD70DE026ACDF62411D60B3DD06A8CACACA9A727D265C43AC5A3300CBD1B478D70324A60A02352B534A5A0D9D141486EB78D1A642D8AE6D9C5E2E5BDBBD43C8B5D4E6EB39629B1950F20A44964C55D13A5D183A93499DE350AD63DE8141F5CE3C0C6CECC52886B1C60DC3B9F1FF084B2F13A66BDEEB35AF07CDDA529F322BA0D9B2E1032660D676937A26CD095554E9EEFE5EAE10C0ED4F4F01BB9A37C2DE0CFAC7FC2FE1187E8F96A5A9497C04981B9E57803AD94A7A97555727B2A74DA4591A6BC9A9D22CC4547B1E2FB7F95E4F9DEE4E97343A2C36588E668D8D292F3C91650664BF74B9B875BA18E8B29CDE1BF7DA352B4F1B97B7444C69CD358B87E0CA25C7C6F9FDD87936A183C5C6F892D324926D106B1EDF39B8578D8C9E7E7EB7FDEEA45BE4781F394C5C437C2A794BE420B73B437ECD46BEF43ABD3149F7F511DFF7547C944FA264DF039F9F32AC8448E2B9CCAC478230B247015F3D8A0F49B91AB54CCEDD3B3A6A58B0A7498E64A03BBDF503986478C45B22B4DD4D0242423915CEBE11CBDA3A9311759E6C076363B2AD30500622A0887CDE671BF912E1FC0202A43E3BF99432719285938A9E488020AB980EE9476351EC7C14E8FD98807576EBF720BA8995426350F619CC1F399F9846182B6DC3776FFF10D9DCB9F1671BF052CA25000EF71624F966293A74DBD07BB656AA4E99447A002035CF1CE1B6CAAFD6002C96FFAC4C3BEAA148F3DA6CE4F8DAD3C303A01D973E955A768AB580436CED1802DF0160A1C2BB6D191A1EAD673FA3D3F8E4FED18D6F41078078D3D2CA02446867FCD7D7D7C3502642242AEAEAEAAEAEB5FDEB910B1EC6C6A2347366E2D39F32841273211B6DBAED4ED5CD8164D176005B99909871365700E010006D92FC4816DDFD877A4F3F8785AE406A91687625B89B945D9ADE4F8174711EC1935FFA966252F6A2D8B700281157A7031A5455D5B8D884277D183C5DE72D50EDFBD5BB3F6F04C06A7D31312929A90F1FD8ABA4D539CE585C03D946234CEF2A472D5D5B6FB1F252752BB574896415C1E3123BAA3123D344E82D4B8E5C04D7070B942DFC6623C66C0022BE7B0C480D4AB66127883D852BB94899B49E71C9068DC04CAD8C0BDF1F7486C0F33A2D1355FD8E5D6C343ABB156EF7E624422BA9F5058D206A55EA59F0640340816329F176A0E5B85D808D2DA1CCB8A927A511977AE3FA3E569AF298949E1C001AE833AC9D9A9855830A59595968A4C21515997562B174B3386615EDED862DB00944DEDEDE8CE565ED931313010F37BBABAB796DA77D575D5D388C5A337373692929EF88EFDEABD5BB0C5B73C1417DB4B1B2004C436ED7DCD70CFA77FA3C682D2D2DB75CF1863413EE88E20F60EA1AF58FA241B9382036D799C225E086633902D75DC8AC3D82BE42D8679797B3C7BF3E6C54362EAB33FDC9437CC0B496C745B0D8B60DF0A92B2F2A96272296E504832301E366D92C201A5B5D5DDDB8ECB3AFDD7137FBF7EFDF914BCF1761E4C81EE5D8765336ADD7E3CC20106FCE3A6FEC7864667D3E740A5C5C5E66E911BB2BFCE1B4D2EE356BCE4DEA7F3159B7948ED566D851D6DC5C9FBFFAABC9556973F37F40E6773FDBE8A22C6B75EFA229A2C3D30A28E2BC5FBBCF96BB69BB0270C4CDE7CD7134C0A852560CE3FBBBF1C47CDA96335ED15E5E5E9E42A9FE12CA6B53F4D0879C154E7C3EF32F5CB7AE0B4DB6D9A3F16D5E227F7E3C2FD079384D2EC771732C87D5E0873375D19AAF32196A1936D5F0451127FC02A96DFB1F3AC31A4A0B440E020BF4909090E3D67334337B2FAF9BAE30E4CC23B48CDC16CFE35C3ED7BEFD4BC3160F071A0F005673546299C64CDE75696C5E031A819DB7B4B4E4D0B858B409CEFB215B30A1CF93639FB5EAEAE7E1646201A72E21ABED279F7A5A182F3CE48A4C97487F0C9910489EFFC5920ED3C57F40D537B1D29BC6001CBEA034AF5DA06B8E0C8FEED18FDC876C695148A64BFE13706D33EFDF3C32A1F223C1405DEC2A200F66023C1598990B9914764B2E82D2E22187A98C0D4367A4B789BFD3D3CE5F0114A9E943DEB80C65DE51DC33DBFDE313C059334A0449D0739783465C84B07D0E1F6EEF98F5A5DFB474FF72C8F9663EFF0D8FC5B05570BCA791093AA97F3DF151B9577FA82AE940563738465A574157F70D5F8785A1F311415545458A66DA1CD876767636A67A6FCF96415BCB2CEFB25EDD3F0123CFEF6CD0AEAAED6A2BDB69B9C995960F7970E35C4B5B1CA6524C31F2A698CA31980CA0E1BB75B9FBB42C493FD6548DB88A295A4D0B34B4FD4C2CACACAC5A2DFCC8C2762EEF8A14D221C704A5A60EC211E631D3BD9EECA99D03D8FEE310B65D27B78F8C0C7CCEDECE4E02A2E7EE48684BAC05272EC3F630D7605C1D81BAF9163B3E8A4617BAA9A1AA8F004B7A74D5538A617975B5EA5DD2F2EBBC71ABC645543889117545CC5328D1ACDBD14C4E465E271293035CB33C360F256C19FCE92A837B5B27277935FCC15CB1D2C62403D9A6F6BCC2F713A49C6F44A7F6EF0153515833905D987B4067091115BE808E402FAF1FC055F172D5D4B878796520958A0704044848746F0EA73F063C0B1CB7AABF7FFFDEC040E8EDDBB78282EFB5B5D3F3F28CB4B579393800729A325B565ECEC8C8583A717C8D8E8A6A7165B94D574067D8E452D4D2727F75B828C7A522EDCDA949DD330BFDD83CAC11A66638F0D7AA48C97C2D64A829608D22D20EB9D45E8D400389957E1A89CC06D666E4675D231C47F097BFAC4F6BAC3B3F6DEBC79C090762FE3ABF05DC2C379C1BE4E8005EDE7EC130EA2E32C21BD7E8A2EB8D41C2C91DF7BE6F916B87B21B6332A4D5EA250D1A1A609EB04497FA36AC85B0B5CA63ED0E8A2AC1E4CB47829C698264623931E9427B4B37378DBBA486B6148708D968A6FDBDBD114B57090968B38AEFDF13D87980817270D4382EF1F7FD0A43C65BD35C0F73F6A28D254340454505E8AFE0043F79D21F21614D3A62449B5F63CDF5F5A95533D8DB4F0D6835F84931979402EF94034C037A3A6E7A59A7A67216C4EF8954A8EBFDD0500212A05370718496274EA6F6ABF08EFFF075FDFA17ED30D26B50CCEC8A1091542B66537BB2A5D39E62D45EEC97F4206F6F37BA9AD08CAC394399BF6EFC17AEF5F38989916EEA041E4D2A89DDAE368D61FDE9E907AC357777F7B0B03040F36B7F8FFF31BB3DDB24E4B1A7636656FA2D9E247CAC41CE90E1B0304A8509FB8E04705EBA0074B32D2F7BB21DCD62EC8F8B45418DA45509B059A8D15532018BFF6601C38674FEF45C92271FB0E60A27C3F30A0868AF73F6F3FBCCAEA5AD4D5BDE6A3BCBE0E1D4B908A0F375CD16EFF3E295E3C0FBC346ABCA79BEE1B5DE68CF835FD5FEF75799038E691F3651015C9B5B08D0F7B999B7F315BA738BF73D8FD7253C61AAE2439A1EF95EFBF7BA15B08F0CA9A96D530887CD456A62420BAA8A0993740A3AF5B638B7B98050AD5BE010111010BC7993FF17A3BDEB6C6B341B9C5D844C3DFFCD405F57576E508DC5A81D90CC56D35E240B6E3D3F1B9EECF94A7D402CA1C21BA501F20BA05ED2C08753C06D64EA0F3BD74102C75FE6F7F76D6D0FA27163E3E3F1707052535206D4F01341EE4DEF05C33073A2AE7792B4A638FBD622FF660CB06023C0787D893810AFFB62646B545453A3AD58BD8F9BAA5E115D113974E51A1B1BAB559EDABFF863C971AF830C2125484177EDD46B8D5A0A76D7DCD9F91D8DDFAD9BB20F83655727F0780C33133EA5A0A0A29EA6D7D8D664895296E6548843C2CF038275CE225BF499F8DCD9A3D32CEE5F522FA6B0366DEF6D58C1232DE384FC44680B1448A94335978F31EC79E3F3B3B338C7535347DC3C3CF212DDA93925E632D821DF0E522B60DEC48206DE46F000F484AD51B5986D0A6B26F17D79E6CF649462B66A35F1C1B8844984A018E83CDE8C4F00D62CDE161F1844004D04F7614B4F273D495D0130AB367150E39E5465030744B6FE731BB5989C3A13E9FA70B1C4B4A4A5C577BD2F76E57EF9DA3280FC25285E013B44681E63CDE5B33180993C78013863C1E787F3EDB19C61B778D106CA9CAE5215481A411013CC240D193400FDB40DBD379BB673CBCBCAF8DD7626D298F539202721808C71131DA410B798DF2D1B13A8EDEB2A2ABB4242ED53999C2B5CD98CB8CC7A3F9C4DCAF821217AF0C79D949B0FD5E40CA26E9BC2FCEC356E920E951E49933400DD1159BF0C70DBD702C8EA185406635D6363C950CAFCFE52ABF7398074F2FCAF165ED32A5BA72C49E44FB03E9F8497781CFA9C1E2C8804BC84EDCBEE92BB759870639BD0346425CAE041A00C7449A90F266E82D36DA05D6313373F79777A578E217D03445DA6342AFB607BE94C5F050C98524ABF95767FF67D59BBA8027CB470919BBF21CBCBCB4B2D9EFD15A5AD17EFE82EB2DBDB9D1C969A254B5CED579ECE8A14422424E8F156E8DFD44D11E6839B144FE73E90EF9FDF7A91AB70491F83529D6B21E4E648F785DC6C3B362E9A73C8A9D39DD802B8D228BA617F9D4E0500AE696969996D8CF4A277700D8D908B31DE3548B1631414A40B36FDB05BE04CF7D265D51BAD5BD3FAC3CDD75ACBB595A1C19DC6BFEB5A2EACE215A8D1E67971A3A5AE08E59A25B532CA97C5D8D1383689AB08AAE811BA5EAB089E76C2937E16F6F7596C70B09BAB00806C8C24C554568D42203ED26373D57155A323B3710CBB56C574FDE11FEF9D1CCFE052DC157A396B6B9EEC5D16A88F00272AC2EC45466C1FFF3C6B9BBAEC4E86F1256B06DCD191F7499D0DFFE0F838DD300C9D33F574CB8D1F7240C7AF430F054D03328C139F36378392697AEE0241A94507BA0E021BE93B38C871B5001B1A5AFF43567BCC0932BEFAF5DDA4BBEB04E1CF325FBC307F1A5EFBF90065FCD7193945EF1225C4A2F00CB5C884BDECDC5C92B2EEFDE9346376299CFF8BB1B78E8AF359BA4627901048B0E0C109EEEE1A1C0609EE10DC25B84B7077B7040DEE6EC1DD03040FEEEE7E9F21BFF39E73EF7BBE6FDDF98759CCAC675AAA6BEF5D5DD59D04B9B1348DC7E574ECBB507A7A3A12EFF95834B158D6B8C950CA7F15467C0EF85195682F7D6463AFA528330CE2B89C5CA89359F9E26346867332F4E36F882CB94A2A57003500F712EA3E97A9ADEC791FD7280C8FC3E6A7519584ACC33FBB07C2E871D790D35C87C4B23B57A2B4C18D04191667BB49F9166CF33F7F0A34E300EBF29B7F4747C7802178B0F7B15A20CCA091FE73AD2AA1E880E893A2825272666699322D51B67A1CF247A449896F51281F56B2B20283121230DA96E93DEEA99438D15AA8A69424D173D1648189BC3DD7D9A15194CC35BD404822523FBFAAA34DC0944DC78E8ED369F66CD93BDFB11411D1D7D7575CB5E732DDD4FFDFDBEADA73262C31762A541270819D1FA79BB58F7CA05FD360BC758226AF5EAE7C1647BF0866AF73042F5C523A5708CB2047842A28C49EC7F5AE999A999959595D3AF330CE23C2C3F775B94A6D6B2057E14C28001C36914E2B651A1B58AD0E6C96738ADF74EACF0FE3FD155021D98ABC6FF37B12971A3493BC967BC271A6CCC9F29A6B288820791439813B39FC804C948019F709A18F629C9E9D95683548168A001A01C02C49585F84BC487F17AABEC56806AF969616C40B020C48BF10812E3E08E87E2871A18060D4A3E7E5AC31123E4FBDCB99D1EC6C4856163DB028652308DADE8533F5D069B73D02A271FECD1B2A2AAA90D05017D6949CE8ADA42637098A5EF87E86D4E1130396CC3E4057BD391317B7E96DC6F0A2EAD057D78BB07C0F68771396C3D92AB169DE1E40349A3C6F2E30C3D93001CA8A2D3A2103F85B699338F4D57D8973E87FE414EADBAB8FA595E65B112986E81B4E742A615E9F90DF8FB73FF15E8D07477FED13BFF93D75CAAD92A042BBD8A07F572D8D02B6E98C1FF35AAAC8D6CC2726AD6E29FF54E877EFD9366EB2CE18AA092791E94D8E3023259A2DA7DC0107E33B511556D1D3235A3435373E3E0E10D785059E03A5FA56802E2A17B162C1F7EC37CC5AF4046C61CBA9884B3FBF787979C965D2A212B636364A8A0B6F03286A09F81FA702090EB93C5CDD745742D0A9CDCCCDC192923F10C35950969923E358B1C37D047E7E6678E9DB9E4C43070FE34B759A225C753BF3BDA4E4E078A513403C79174025489FF13E32351CC27D15A8E33C28102014404205252995060A96A5F3EBB4E9F746EBF766A8566D3EEE9AB56867A20C9E6B1DEEEC54A8D2CC3DE99D2953EE085DEA57A81A0C56C60A6D58BF2564B35AE0E0E2BA6D5A4E9F0AD7447FA9EBF313E3B3CF459AA1245ABE3059C8EA6A4CCC70E4C12724A6159267ABA99AB5A89A55D7D0307EC49389485AEDB7AABB736FED0C44EADD8B57A4A2BC4078E5E8ABD6AD57D117C7AE2F55365356586A65B88FB935C21A9F48AF5669D01D82FE8F4E0340DB7540B74235E78312C6218D88C8F52999E6AF5B773EBE9A355991BCF8E6730AB225B5C441D2F4F4DADADAD357D1B8BEEDDFD2C49D79F0CB660631F97ADCDD157574DABC9E1E9D891336732B334543BBF5AA66019E11970F0303A35CA65DE258041A4ADAFB3EB6B735CA5F6F3808AB4FED74E8BE5333A32EFCC5505ABAB0CBE9763C0B0087CC9B2B75E511ACECB29CD1ADB5153BC7A607609CED87B4901C9BD29F1A6B6A6B2FAFAECE10C788D576C06ACB7A4642595CF2B209831B310FBA7219B97EE267C63D31B800ED9BAFE54DD8D1F60E8BB6B18A958DFF24D45961B79532F0CFBDEEB992418CA23A326A234C07C72035D78252DBB8D185F8D5604640A018D5A86BD1A9F0704F90DFE5583BF78548FE8413870684E927AD8745E9D430D16CDB72CE749910A48A590B34A6AE4E91D5878B2BC8191E72C82F1F53DB21822EED6B2A3737778932B58ECA1FDB861C6343F1EC48281FD04384E4DB1B6CE8C0CE76E9F1B2E2719338994B3D41CB9B51E65769E207E0C19BC48E0347BB35BECCC85634FBBB8E161A5EC0491514506E5246F62AE8E894DDDE801888F92E1CAD6799067EE3F558EDD9933639B6D89CAC6E34A435EB849E87D575E93438EAF0E2A0284807B1B8CD46E9650CC7F889830C5877D54A570D43539392EA1D0F20A7887BADF520A8E9713CAAF83E075F489F9889869151909A1647B08A8A8AB2F1E70E1C97846FF34322723344A8BE6F5606FC62438615A727F120B8A63444DAB1183A4DC230C2B940F3B44B495E9EABCE0687CCECD5CC1F3037EB61ACDA36542F270EA4FEB9704575E537F6C5C53F38C39835BE6D8BC0E74545CC4C49B9DD2A28C804D6216AF8E367DBD3A6A39699C313CD26C7F05D9B7C389D575D0472B61BE4428D9E2975AB6D88731A12E01F11133243E6FDAEA5F7E1519E0D396DF403F4E9A7BDE04B3703B6542DBAC4C10D149171ABBA331DED5DD0C3C76F55927703652ECD99A686EC7A191BBCC99CD7B7BE6924121BE9FE3F8A7E588C2117E8217A500433E10C6870CEDFCFCDB4E67DD9E47422FAF22D376F7023245F708233334C0C31F2D225749FF9617D731853DBED207185A1FFF0898B71C5F9E9E1A8F57CA23F967CD9ED88B7B0B3AD90A5F0A68F64143C54246EC8E884A4103C30EA2349CDF75D694EAE567E4EE55190528BF35E206F2DFEEA87E252561726DDE4C97A7244FE7EBC2067DEA9F2558AC468DE58B64F197F9F044AE8990CE740EF5E30DD8889A565BC4873774E511138810C6A9D6420B09951AC9BDEF324B4DA9E5CDF24B24A51ADF3DBA93F14A1D2FF4D3689A3753B5386C5B5610F745F0DBCBA955454676565E54C1F898840A47DFBC03980FE3499A5D9545641442A1CC3F77A3A8956E06D35ACF0E0AC0538E8A5406DF4D0E109A53027BAF8F9912020CBAD8BB42D03765620B433ADB9B979AEB0B04DBD6A73A0429F584868B53FF65FBF28B2E31AD0002521CF387DF842BEDA4028E5521DAD88F621776D166ADB2335DC427CA04A3CE8A537D77B6548E47E93D3B5C5D3503ADC6E38C5B0A54576C1ABCD7685AFE40A5D64DC828D3CAE238894823DBEE4DE93BF0473FFF0707365F1449D32B861552798C9A50D6D20A04B07F0413DC579524139A41A021E1E2D92182FE65605921182F9A2938CA391E1400E7FF374E4D71AC1FFCA05C06AD1D65151D05F6E64DDA00C4399F3539A0D418984FD2AF09D6CB7244F3A9184D4888D04839A48FE4D15D12BDF8F6A8239395544156E937024C250848CBF3A7F56B412BDFDCF549DE84D34D11D83883CB0A4121B09E3543FFCF1C56BCEBFFB129B6C5FA1687DC6FB6BE427E6E6063C8E93E704ADC83870231E1F1F9D3FD230010E51B1F66BAD7A0940C90AF6B0419CE20176A9CF07FD7F67F41FAF269991941013EBD5445B90978F410826224201617B8F3EEFD183BCED411BCF25B620012E01887CF33EAFF07CB8FD5B79F619B11C782FE5F4C2FBD7F3EE07BBD5F2E35646C6622A1B2D1D15443DE435418392DE6D6C6C241F4225412FD47F219ED402115E90BCB76472BFBB64D63E12ABB3F2EF5CF9E5080B7A3F2344A4A3A3F3108127B6E4BAD7F2BC7331641F09AA52A5C166263221DA4943011AF173E1C3FB0D5EB4370FA7485ECE6633A598A3190FD982107910774E83059F378096D4A489E40F395BB59D5683CCA1319EDBA9D57EA523FE3CE468284268768A162354F1BB3A0D86279BB6114BE668EFA004351881EA00ACD353B5E3D8244D16CB922C34A43C077EDED1007FB086E49830904BA8BA20F90BB6EDECDD4D4F9780EDB97A2F0FE8751A593858E2DCACC40B36BF95F872CA3BE80198BAF379D1CA4912A50BAAE7F7C5A7ED9AB3ADBD3A8BF786FB88FA750E8D315A4DDAF5CE27A7CD27EE9319432C7EDB5EAD60660215FB9F4E65B02FA1DC8979EBE62D6BD45D2E3D2FCCFBE17BAAFAB1ECB8D22D2D2DEF51E42516E7E6249B949A34E9506ED5254D527967312173D2C78BA2B0441020D876B877B757A2F1164B3F0C7DCFDE92DB09DF752BFDF348B075C166B97A89266ADF2F095959A4A9950B3CC4408BD7F474F10259F79B43C9F1A9EC910C8EA115B2584D6421C4613B33A51E3575EC686FE4F0F8A6BEEF200F87EAC92473344700A8F8DA9E0A0B7E60A1829696B63ABA72FE2041A66855FA0705BCD0DC8B02E9DD9C89884AF45EA3AA718C6180BA18559D9C1E1E5AA50E1B31256FD388712DF1E0CB1222FFA19F5240EC65A6A8DA8124AE32D37FE1C09D00E3F2B92719D82B28287879B5F5A0340EFBF8BC883F841469730AFC1F737ACEC352330C7B1538195798FCEF7EE77490664849A81F1E8F744DCAC3F81221C3EE2FB7656A17FE408DB27D5CD0DBE175391565714DAF30CF72E64669381B17DBFF55408B8E0EE1E6BD3BF613F0BD064C8C3DF79E5EC6C6F91421DA653366353D2C60871F5078C7A333262C408F8105C3126FCB818B18E85BBA71E18A84CB813CEA6C67C73C4554B540A6F243927B4039EDF6F6169C48C7D8D3D8D8B8BBB7E7D2F01F2C7DE23627CCC5380E953F45BCAFD5900AC690ED350C4C0EAAB733163C4CDB72598BDF3219681272CC64D5ACA6B272C24E847797F3D5A213F0A5F279C4A42D8070B55956343BEFFE12671900033C7AC9E1F6BC36EB43E9DF5D8F8C2F93F4E63CF1A8A8B9528CD8E10B0F52EDDF249363D21666AB8C65555430F587B6CE660F2E9D474C0BF83EC991E316547EFC712B45414BE5DAFC7D6559DBEB419D8409257C090F3F2283A3C26E67222404207B7ADAE1F793EB631B87AAA7853D69D27290E3BA9072F2EBB921A5CF9501EE5CC635EA0D55CAA669343655CDC2DDC0CCE7575444BB42CEDE3A38EE8B7D4E31258087B9F931DFE6C5BF1C113168A8867403FDFEF1E013B6414C344D0D27182BBCC7D99AB2CF455C02D57CA674D8DEE9A705231BDBE5B486F5C3AE4A1B362EAEDF23CC5942579C9388DC782281FB31796FE47290E87B7DCC321DAF935F0596AF5EC943364324A827C1E8CF7DD7BDCA2A0D1725A6FC8CFE25366A6125250F20150D0D2E73F39105327A4B502A6C55252AB6A9FF1D492C003E5A5353434A4AAA18B8646CEADEB7AFCB820DEDE3AD589ED71BB1687575E3BEFE8BBCB1A9A981262F916517D0DABFCA8A99240D29102ADD88D58C1488DB3F7FCABB9B02031F9CC3B437EBD9D81CA73B2DE986212021E9D4DB104D2EBEA81A0424F5681AE7DA856B995653C24E2B28EA05B06AFFFBFE8C6032642FE45EC24332CA5F9ADC923C6F8148BA135A56BFE3E2A3940394117A8B765B655E4F83D170E5D212F9615BDBDF1BB8AAAB15F327E55ED5CD0F63A142E06CD0D655BC339A75F5EA8E1254D0D4340FD01541AE3F30A8B7DBF1A7EC72DCCFB9434A5C9CE7CE3CE7E281192BC7E40CCF577A9C4A0401AC76C441A935FE049ECA727A66A688E7F83B3DDA2236A5292D6958858F8FCF54918AB90BBBC08882B2B2E8887532665A530F3535B5617C2E6B81BA8303AB7E716363CA40FCD46F638F0345829C7059BE9BF59A196DB7B361F6A385865848DF95519624C4FEAB2A9027EDC2B2E3C02D2929B1AA9B5FB12131CB340869FFFC27CBAF2B2A8449B9AE13AC37000801B6ECF16DDB064529B93F6F9AF2659CF1031EEEAEC8BFF812CAFD935D349E757272929595151383B203D90691C98F85704E0ABA20F32E924DD30912FC5F0B9F197E1F387E447E3E8CFEC39A669C39D07949826E861E941A2121190CB30E1D363636F59269C3C1849344BA4430B21FA0AFD662DB884EE83027BFD9D712D6F48F4ED4F51F384EDED1C37E9DD93BD8DE8E6A795297C4D2C78F340654B2FA12028317209F8B944B0A8B8B73A20E070606565656DADB3F5219846D6C6DB1B3B068B6BABB9898FC282E2EFEFEFD7B63A3AB8D4D1424B2EB74B6390C7891E8E86801C272AB452E35562671FFE4966197508A109552CD9BEDEC486C1C9C863344EF34F2645E9A7FF293FCFD19E391891EBE48C3D229D44B4685000AAD98D153287B811172FD6B434181C4B426D51FC044DB3F07E5CBAC967C5EA32F6848E0F375FEBB47D2C3431A3BA32E0AABC480055F09CDA5BC7B01B0B60C74615E5E58763AD6F9DFBFC5D93CF8084AA8A3B0C3662437D8E21D0C3CF2BABF0DE8CFD6E4E4E961C761481ED46B9642BF461CA3A538A05EFE690AEE7B95B1BD8FBDCE969D9D3D91587D906BA12024BFEEF0FC52945755EDC3C2C1C5A5A1A1D1ACB3C2D3DFEFF07F9B536538D5C7872EE865FCF22332DFD3CD28FFF99810E0057520A5FDB7E2B657CEE8A45D5E253BBDF19EF1FA85694936C91D722144B952123287E56EFC379286C5BFDE50D98A39BE792B56F966039EC1DF8E88B6474343E3466F78010B07F0DC9570D2DC48E3415366E9BADB3C49A35DBF8627447E9F148647460253C1D0B3BBBBFBE6EDDB7E35C489CED38D41768BDF9FD4D5537622405156318A4B057A978AD1A20D935353FEC60B0D7EB6DAEC457A2AA127490AAD0D326689885B3D7E2F87A8D6B3464647133122222399214F3388719D2A540A636C5B96955B849C39A576B0399CEAD9C6CFCF9FD9BC46C84BA3DDECDC19800050E4E44358503251E780DBA5E717D681F485586148FCF8CF97F9F8F878405392C419C22320D0AA550A6333766035B99C6DCE5BB7B500869141B20534159C404349479767409948AF535A54A451A1E75F89AD1F968AFDFEBD4F273702E47297BD9932ED16D7F6AF7E57A33084C67DE590C42186D1F7B8B871703A199FC4FF151C579B0617E8BB999804B52992F50A5B38A57C7CFC0052CD527BF5E26F19513F63F8A8DBC3ED855824BEB4AC8AB7E874994EE60EDD5F82E897CC37E767CBE9B3FF3141E5F9F628D0101CB225D43F9CD1FBF45FC9DE847510F658FD358A13F4B3F9D500402F056E836482093071B2A03C3DBCB121616592A41D6D5094AB11EF9C01308280F116175BD4D2B338B9FC038AE1996FFE33E43C62AF0302317FA00A799BBD06A9C172C410EDCD3FAE82B58DF66B4174AF62ECF9DDD7273E5482202018161E7E7171910ED0C2954082C7852D3E7258C13CB7382D787F087B720398A410B9CC7DFEA8576B69A37AD98C71A3827A852A4DC1A2099E77834CF7EA44C1F898B3B65C1E3754658AC88AC646289879F12D485EB683EF0858D673F14ECECE5895DCFE0B2D6E5743C9CCDA65577335E6C987600C4680A9E6951D6968D4D18DEFE0CED7B5B9EF4CFC191B5B5F3798E3428687A1C500BF4188612D9875BE8C4FAC851C7BFBA569318C514D97012B6E64F9E5C7A01964EFF32ADDCE00FF9577F52D3E6F6EB755B5AF478823796220E6E96A846DAAA2AC3C3D36C6C0C424AFA93944A26D5360AEA99C1C5140A6D4E47E733A36F6E9F958E4C5BEBE3EC0751B4E19C0143CC2BB65A4BB9FF69397B55CCE4123F140087C56D6CD21EAED71C63EDDFF4499673DEF9DA9F50338376E12B2EC7DCC9D42148601B73931F1C1D2902DD55074DFB169FEC091031770D57B1780B7ECB18015B8A5A4A129D6AC55BC5F9725A02F4C15AC66FF542E101617FE589057C80498FEA4C70BC28B1C9A91F9A32B2424244C4CCCC478C84B4959191109498148A96F74D4DAC4A4DEFDA672F9C86B2BDD2924341400F2D7AF5F070606EEEDEE9E9E9D4938BE867A6158B3BB6B86B2EDD9B67C74B555B84F262CD76CBB21E9E47475305FC7BC98087F769ACC2CAB4EF32A26C636FDB00889FFFEACB5F5138530E430F2B4FA757C609417DAF6CE6EF452361CDCF908F8BF29ACD392FDC8C9CDED3EBA8A8D4DD209BD1F38691CDE8B9A9D9E56DE01EFE6FFA271B20097C95025CF489C97EC6D6FDB70A5F3658EAE9D44EDC310BAFDAE3655F0F15C996852C1909186145F37A972B0B69E8F6C74DCDFB1592D240188C7409D23EA12191121A933519B58D92C57DD57595A3A62C1160B6EFA3FEC724E4D4D51EED84D7F8015141282DC0F252121917717A3DBFA5F886056450523D517AEF42C8A902C93FF1D664EC9FD9FEAAD30D1EC993D40EC6ED8D6D4D632F57071730F1B555184200676AED88CD5FC8D40EB61D7A9D2187C44EB7E2671CB0B0B52D2D74A06462EDFC74D72027C04BEE5E6921AA53B3B759172CF9CD025865A7D6AA105BDD79D19C1631DA41A38D22CC57AFA46C894854A9C7CF8AE8F848B511EF93D254193BAE7D6C069612EB793C52820E69268271E72E88DBEC18A14FE50C121202027D25651515155054681A3E861086D30917EB95C57C89432219EA147F5DF04F0690B8F7BC0A1F19FECF0CB8E8E9090373B49EF5E028D05C0AA2769D6820D0B3E8C115FE7237DEE31D7BD806B08361B24002153D90F07E32B9A1D3D1336635910998CB38E302561E551C234E7C7A8ACA393E947099AE8E909C7111313F3BA6AAA6A8C2EFA4A4883FC1BAA983E33512A7835AE4F584E5353BEF2A6020F96E945C3703185B5ADCF602BCFDADA5A5845632357728E768D193A24E7297578B3C67C0670B5AC4635A9ECD6B70F8FF7F7EEA7115BF8A198F44B408FA4A5A5F3B86344D6FF6F61E01BE817033DE25F1D6A9999B1C37B04083F336051A0916C5C1A42A9937E1379AB5C34B577F1A11CC780F97FA28D10172ACEF1EC2BD7DD4A8B8B359B1C2D87B800B321262646C3ED4814596A76393BA85B360A4B3E92D3D26A713C981B1890944CB0BD39DD585D5D45A756FE7B8CF449A3C39EA8A8A8EDD04AC90C80183A4FD76B91428ED4E37B174585451A38D811E9DC338ADADA7F2F0753572F9CDCF901D52D109A65C2969A2B3FB57546A9353709A19BD84DFFA69BC05BA5B0AE507A156DEAA529A55D13E1C672797D2F081430CC93EC9FE13F43101D624EBE1E192E2E01412225DCBF10E84D04AEB65283EBC5AE94135111D08680DDDD230C08B8FEDD2CB6991DC6FA37B383878116E1992C20D1FCE323E01DE8FFC9CEB7FD73DDFCF3B5D664B1C1617672A5395555B11AC7AE2D278512C33DCD5C376D2E78179FAC77B462F1227B854AAD76912E4D216055F9E2E303F9CDF67876B5268A0112BBD5C2EF1637A73C3746C896E611C0E1C930CAEDA42318CF882090688054D5EAC6034A16F9C4D079BD53FDFE3504EB227CB4E00564BEDB3B8F9A7D7B95C501E9EA37BCEBBFE79281C45FFF530605CAF1DDC99636D090FB8B90A098CFD81B78E928FC746CC2AFFC7C8DDF4260F0A5F9F5F3679BF893C2A97F774479B55EA8AB62E1657614F23DA32E671FCB40D3DF9DC7E78FD05A955AEB59265BFE3E148E39FC74E95F5B776A5FFF67EBCEA091F82F1AEBE6C92D0166143F989010F960EA8325211B28C08311145D39CE3FA5A8B4B9B565DC48FFAF6F8E52D59B4EE6413D74E43A95D1A4A5880B050A4861C884D3B7D835303CB586E3B01BFDEBBBEF5936CE966AECC4862B434EB913A97BF82982C2B6FF3CC960FE576FC0D4F99F2970FFFA41892C56AD3FFF65497E4C9ACAF0A1944B4349A60809054BB2F1D7EA2FC12443623DDC5EAD9EBD11C4BD11BC1546C30F5353AE2D7C93E992EF3142451AD678218FB48D7989E280898161357FF97BDFE11588F4DFE95CEF7A940F176E26CCCB6A8256075252345196775FFAB6272460E472619228E894CD00FCB74F0752258CC50A1002CF369DB9B10D5BC0B198F6571A0E966A359115ADD9705C930ACBA1BD6CB7AA73B2B7FF24616E6EEEE5E5252B1B793CFBDE1952000D2FB14801A972BBFB7CE51CD5E2BE7BB054691857C11DB638BD23E978E0BAB2DA3D48E0C9C1C999BCB3648855354B1302F8731F819F6635B7EE7C544830BE13BE7FB758B971113DA5E09190A8F7187A9CE1B44ADBDA322D609E735ED5D861FB20556F02AF28ACA35AFE2FC19D5B96E1E6F9030C8068BFB43D07BA15DA2D48AA193650AE4A0308AF092E40CED6BF9E5D317AF591B0C1B442B5FE23D53AFA0FCD69E159D40D0738B5EF43326070E8F211E6CBF603C7DE663CDF7664D8971078A10716BB255B6ABFC12EA4C6568CB0DBA82A7A189004BF2D6A7F6143D6C6E6AB0F20B5CE568FBB1C7AFE069733FF19ED3B438EFBAA8202E3ACF1FF16EBEE2D5FB4CA4FF411108040198EB533734FB336FDD40A9F1655F4AD075CD90C38C1F0B55155720AC5F7370319146538659FCCC466490595FBACA72DD8009290CC9AFC6E47075470A469A4A0DEB14C4115D7D8199F271F6421FE5C89887DDDFCF1525E5DF1DC59A8B3ADE5F1B646DC8004BB859B0797F78BDED6442E3A3A7A77777733B63FB6026CE5AC459EF7EB10B7CDEF98F290CBD159B1C32B51109D4C354A94438A4D2C2C78DCAF19F48B9F230EC93A1FB4510D65E366C267DF6FE4D6085D9933600172EDC1D36B68DE3833BE0FAEE4A87AFE4034FB0BA01199D921E7ED0D097D031A129398A8A2A174A1623EADC9E968616022CEE3720A1E4C2851ADC802D47D4E8EDF6ED42671414A0718275CF45415E89DB609E472B0E595CE40C3148D5C8942BA12C47ED71E55272776FFBCB1A6E853EF584028E725D93E3370E24F4B84102F4A6D6E96663E4DB377E0B1FA78F777570A0C063B70E1297DDB367EAE31FAD50DF0A2FA1917F5B843DD25652AEDF9B9B962E5A2C18DD5C4A45A892CDE6053B1843461B82B21371E7C7CE8B50B575EFCC89E50B3AECF0C4199E10C102FE7ED0874A736FB6F7A8F461D76B868F2BE5118B0586C4FE62CD87CDB7FF2B62A1729B91DFBCEEC01C3F895F0380A29B65FD8914EABB1ABE83D3C4CD5ECC2AF5F5D587BFBFBD5EA2513F1D19564FD17C2A6BDCF727DE30DD84A0722C4C7003D1AFBFA304A198E23BA76032C1E8F152E5A5830A1119E07E9ED4F2CD43FED50B3426E6E774B2D6EC67ABA013893D7EEADA5A5741935EA2E8E4F8F0FD807FAA169710CFF72E370FB39D03F3585772A950E2F27E6E6248BC8675B48481877767763E8E89E6FCB158705969402C5E2907AC6AEBDBD7DD799DD60E1700EF97331DE16E1C8FF8E92FF5BF1FC6779EBFF4201680AEBBFEF265EC4B1FF7DB7031AF88FC73D1713FCBFA50E042E5E0EE01870FFB76C9A750B9D71BD8AA14BD2989F7A15D5B5B5660594B0820C5869078FCFAD9103E64699F9BFEA914FD85D5734440BBE118B56ECF1AF7D3FC6DC3D5FB4ABD87BE0982A9507102C2B494EDE3F7F4F572045A8837E567D4037670703BF8F95DDDD3EBAEE4D43F560E9777369CD8FA4072EB9907318773B019E2F75388B820992A0DEBB16CD99EFE6EA2A2CB73E252C67CF811BC6983F09506C5187052B7653A788E21C4852FEE6D98DD19DE3F388210356EBE67233944C4E9B002521D1207305B0A547171D1D0AB42C1494F4AF8436998C4E38BDB119956480CFDA0DD9B4C1647212A7A6567819B46F3BC1B5EB43ED76B9CF69F3E767F591EFE81673EA308CAF8F36176E84002161C9379A8A590B6868E8497598E709F381F4E49F0C8E605197FEEEBD992699CC25654516363651528067B87702548271F3EA8E9B9B5B44EEDCB545B988354F4D0D357B7CFBC25544CEBE417312467E90EAEEE17173D3A871E1F1E1CED0C1C04C355874EBFCE74FEF61238532E2ECD6D6C7895C301C2BC40E7E5A406F2054428E8E5093F83F0639FFE5841A32296152EE02247EF5689850980BC6A7FECDF85E9250337C9C3061A1DA33F95E52120EBE44D363C1BEBBBB53B0C2800C20F38B019C1C5F0F48F2671DFDD2ECE1E12180D39E476ECBB1F1FFA422880A09DD9DACE507067A5DF6E0CCBF7DAB52AC2A07B03B797941873EB792307439A260B2AAC0F6CFE5B3168B8B8B05AC38B02FFBB233A12D16EAE5361EE408D42143A7FC6203814994059BD7763DA8DFC075C51F33C3EBF1C66E6B84726FFBE256696AAA0401A17724DD9C8ABEECEF2D0AB4B4533BF68A3EF25E41CFDC11DF4ACDA21A4D0DB56D59F6041FF815C7A67495B3BB077BC2788F132AF0C9DD031CE985DDDF3228410F8F96DEB5712B403231309403E4D02FC5807694FFE9FE6C94DF9A293902971325DE0F1F32BA7688C0827D216E0789228901FFB7DF1E0B4625AFB5984529ABD42E635754F1729A24CB1EA7885D8418A1C49279EAB011A4C696BF057233FC717C92F4734A15FACBF61D7BC9C9CB064DBA423284A40815B5907FDC96B8D027D8EC71715E45B660A7BBE77C908214A7A6C5054469E83852FCC8FCD656EDEE4D5CBDC1045A72D90C1EFBED4FC6C6E4E1EF21250B203B341F94B4170C459F7820254959E3DBD465CDA70B76A34A4A4AC044C992D5CFCFCF5F1D2E72C7BE55A34970FECAFDF0ECBC4A9DA1788916ACAE72C1892C29A737EE775747A31957BA647D015DC9CCC697C0F77978EEEBBCEEEA749E6E67008F4EA09EBC4BF40FFBFC780B505F4091F0391FFFA91AE52B3ADC9221FAFA757669397AEB3DD05FCA686014FE9EA4F005095C3435373B9B1CB36784B3FEF41F193DEB34AF21612960C5C3114E95C9D3AF016D8F8352515640EBB6E1B86F7F4D707E7979B8D4C26D349C7CF569671B1DBD0BFE5186080F0FEF5E9D92657E72325BAE377F057F32D8366D7FA9A5E9397DEEAA2F9AF85E7A9A0976529399F7080942685F66490B40C10AC6408B62A37C83C7FA3365846F09650BBF1315F4BE30AE669C4CC24B0DE8D33AC3B18BAFBDEF2B3B423914F51848BCC980D665AE2822222283D7ED72F320FAD5D77281CF6F8F695885FE0AB8E8F8F8048BB973714F4FCF3CB738F89CB6FEA70760C4A39FB827D3A166816688F58D7A6C8F11C15A3D33839281BB85063B024F16DC71CC483A75C602EAA03770E28E51B6F67AC20478A16100DD74747771980A40C0615ACC26217A00CC767169C9F3F84F7B5E5E9ED415AC015E3589D34838429734608C9FB228514E2EF47B7BC93AD8311609B46D74B06F5F5657D99835BB9FCBFA5FED381DFECE08181C36DB3693951D05ACF49B8A379ADF23242B95342FF2CC73CFA90D2735CC5D53F1F56CBABF1FE6BA57F30F2B7B3DA64D98284A6365D6A86EBD64DEB56754786F8CBDC1CBC5E57A30D7CBFE46598AA899442319E5D40A6389FF7CFCF8FAFADA4287FA2DB3F8DFE01C7ADEF8644B4B4BECED6AF921B3F9F5E315BF5F7E8D8676EEF269577CCC69EE153ADAC80F5F01E8D8B7876FE969B800378AD976DD2D75F50A00577DC09F744AA103B315661A77F5B4BCD4F29ADD61C3058A5FA572E3B5E72AA66737853819CCE46245AF00090A146ADF6F06D42B035109CBC6F9D9D9B87EA95CB1C25DC3DAFC141AE7D48C64B4F945657456F4DF16F9BCE91956CDA987F625B45B70123F25BD7B26BD7D3EF733927833F620A9D51A4A5CED1E12042EB46AB618AAD17BF18BE4AE6767DB455ACCDEEC6C3B8D58EBCDB1B565A94FA8DE854325872D14A17E8CF57C2F78EDF67471CC331A9B0675935B953FCD6E495950AC16E2E2DBA5E9DAEA7E2BDA6CFC02740560F9F311D1C184D17569BA0BA73412D987DD136DAA89A2B027C77E67634FA76981E53CBA9C1DAECE986019CD74AF35F219CC5D9C04B3551BFE3A1E6A18D6B3D59A30E3D4348E9BA6653327FE78854F518043BF8324388368B4A378AC1B883AE0B2FE950B10B682654A10B07570B69F6BCE8CC957E77199EB6161B6B2CA3A7F339A6F2DCB451F21F5D4CE7560EBC6C1BE67F7B37D92A0ADBEE43291DF93936B3232E62475466741D96D3BD7788D37FA6E48367CF1BEB397EF6958365C82CB2DA99A6536466C09586D600F38EB4954D4ADA5C3D95AE58B717A4FC7B35BD6C441D256F6864B43B39A39607DF84DC4EA62154D35FE3A83D451AABEC90DC865C9383BE6E93D7B6B357A0FB567632BC37E64E3BA99869F3FCFBC753EC4ADE918D8E9E1E55C2DDEBBBC2FF9D3D9A3C070035DDAE38BC3FEC0FBFEB602FA52A34D7409AE7CB3F8DD9DE0601F27A9949A1AA63ABBD4CADD85D1C8A546B6D590DD226ACD21956D4BC05FCE97281729174D99D50C3DF8218A6657008808ACBE8E4F4BD6387E18B1FDBFA6A76BD7652188AC4711B37B821FB1C6D335EC9A4673645B4517E1D4E8921FEA50D93CB9F1A541EBAD4C82BEEF5107FCE265FEBC362FE3F9C295275637232A01B16CD1754AE4ABC5903253C353C32FBF86CEBB167D9C5C59CC959AF59798CD8D8D2C34DE568E62EB34709EBAE0FA5A8776678D9B6C376C6287E735356934732C2E2F8F9E358F056EB9B468CB1E3161C1BB5D1DE6D6858B6693708B4F4C2C2C48C1EEECED69ECE643E80F23AAC4FAF017FC94DFC32EB07B0D89F3C3B65DC3EF944D741B90C5DCBE68941C5BDF6F3AA45C13DD733F1A619E0CC8DD6C44EA6070DD9FF6D2DFB9074509D80233D97DD081DE320F4714D3F333F65DCFBB46110FA5D6F23C3AB70DAA2F60992F86BAD25AF66531E57C9E7BECA9CA33C755CC193B12567A69386D0715F3F80351C94D5E8655B324E9A6EB030C6197D4E783A0F6A2B192B232D97AA2F7B426D3BD808346C4E3423B6F38BFB83065C18E971469FBB57701B0BA85F62691FC490404845778EF216C5244D87C8966D005B61775448803E968D3E5527B887681107FDA29A30E0B4175A6D8DAF9A26BAC883C601A7877A3C14DD66BC5DB78F77E4E107687EF3E1B30CCEE48AE47A399FE0CFDC644CFE3DDE0EF04AD27F896E757512B60E8D1A7356AC12667DCB956230FA1AB15028474FEBDB2AAB668D94B5C37E0A1D94D99EF5B598ECFBC1EADED7FC4F2F69254699104E816E2D4BD057F87EF54E46B6685E1A644EDD22FF17259DD3FD28A756A08FE7238F2C3BCC7D1D8F11095AE45B3696AC5469C0B071EA6B1475347C79A2DB5A9B1D13983FDF912E2C79EFC451302D7B53FEDBEE774C07C8A31274BF940EF2163E6070604D8736989CBDE51D7D4D424D2EB20EE41A032AAEF8384FAB14D712AB155443D67C416DC200AA698EAC89A1E2FCD962EE7D2F089266CF455B72C3F891F8B95799E0E9B95397E2B8B8DDD7AA41A69E4A1E7A6C1684505CE557765F64CB15F941DF96D2DFFA2B2BC9A10B71B7F4E71610072A5910734EFB4CDF06D00302CAB5F4CB85BB6BB0E70F8B8DFAEB9C96E8E2F8E220B0EA81475C9EA52165394F695C9CB7A710AC352FE28D592D3ACB09F9164E1BC7985E358E7797CF674A1EA99D7CBC7CCC7BE3C9AA774B0A0A5A818979ABAB7988951C76FBBDEF7E70FA196569E6E05405E3052BBFD444C4ECC580C6BD4812537467BCC03F08AF9E9E9E9A929F47A8DFA5F66177FFE7CB6EF7D093B787F7FBF33999F6FB4CF1410CD285C6BB174D99B18B8C5CBB3E2229F9459E77296373434F427F28537C93BC0E61B39EB0239348B07770C0CC3F475DB37EC1BD5EA3A899C1AD2D3521DEC78306D6B83BF554B4AC0BE6F317A006C9E6FD66E48A72E7DB4D5A672EBF771AE0F66DD148AA03DFDC3E7BB494B1F0294F32C27AB6BAD1F884EEB153833D99E7E2E1BECB5735688A88254AD8FAAF6623236A6A6A61B53482CEE77D632583A2E1442977089DA35764E005B727070D0D6CEC861966ECE23807D191EEF2B5F34059877AEBC5AC9F4376E3C25AA7899FCBD8303AD7511521A0CB0878707A4AB8B005BB25AC4D7476F38A32ED43CA5418C0FD3171FA97A33D2CE6561DD76A76D7803B923D979141694451C63819AB0A19A301865B7631BA9D95361A59212064E3C2B9E8F273BCBC91DE4405A6928273EE26617852562170BF03340692CA59103A67C927FBB654BE67CFC0FC74FA1AFDAD5D5034EC5CD49D1D914C4E46DF696423B73016169F7CEC344DA686F44BACD3632EF1FF835A90A95792F66A69E5F373737908AD5587CA28EB366D16C3555D56FE131FBBB6370916F1833A6F72E607C890402E7E6E600425FBEC9C0C2526DB5D8588E0F15AC0F48DB938C8EACE6B343B7BA9E43994D0A72266A3CD306D826FD30FD095CD3865835A558CE22EB88F0B6BBA5BB938C77206131E1E8BAF9F40C3A0DA5B4AA428EB27A06766AEAAA6A8EBA6A0A76371165D32FDAA65FF888558EF165C7BE00E62C0ACBE9B4AAFD95A6A5A2B2F8AB7B0D9A8779D7EA0345636E0C72E5D92C262C11FA801BE58B17F828A0E12DEDBB70E917B7C26CB6F6F125F38AB57463240A4982DF7F28F25DE71F78E52B173DF82FFA21FBB60BB00BEFDA37FAF8BC706DCACDCD6D6BE3FF1A3A3D3333F9AE99B904B0D8598BCB915A602DBF80B1B0B2624B1DEE309206387B98905D578B46635393B9B93971120FC9D71CBACF37FDF9995C9AFBCE1113B48341579A09DC753476EEFEB64B3B5C769B52CD5B502039E47EA69E4589C0FE7B52B1488E15972521E78CABE373B64ED40CE4D524A700A65F807FDB2E203C0737EA9F5EF5BA21793DBD12EC4BB968057F6EBD2FC13BEF49B94018F5380A5C632FCBDCE7C4B8265A22C1BC0836AAF5E33E9517572011CED0694E3801E653422278B4C9EF678A51EA2780137E7FB9501D29991BB340E887CB692BEC7E5C9B742DB85AC4C2CE3E596DDBFF097249AD5020E2B8EE856B8BCD1C21A9E9F7F63A064281A1A1D1D1E50666BE06BD9AD77B0BC1ED9D39D286FC3F17F0014310186117A8D4EFD2F5ABCBC8C848E534270D071AA4C3E546B54D844F1ACFBA975A2BCCBBE3726232241D492D411A5FA5E274B48477A44623292626A6F8D5AD44790FEFDAB54C7E52EAB05B87CE5EBD44595EAA972040578FBFE5255A49E24BBFC3EC48BEC6B53FE4CCD4DDE14F776DAFE9C7CB6DE3F50615664E95130C0C0CE967F713CA3EF486C758CC4E9768ACF1BE03A9C68927B0001F165BCF557E223040E060A6E6B6CE3D7290F426DDB06BE73E4E1DFA0DCB7B41FACEE86DE8973F3F7D48A43992936A87CB7E24B04C7B660B90DDED1E507B5832F91D5F3DEEADB8649073BE3A051BCB926E7E05BF49028F26CA2E075DD1803E577C086E66AEAC8CBD4532DF2D718416C8DAD9DE169FE8D31861B07249C891BBD2DBD1290613FB393B77B86C7BB98C08A93E6A33B2FE0F61F3A51B103058382DDE50187A41E84F148ED411D53CE80C42FED00010B29D4DB7674686E9B4B9884B9F3878AA921329435BAFD64AC16F6E3FB1627F5638C03382D71CE6FBFB7A788FDECBBC17B00337A4272ED74959B233057D8599B2DBE6A272234B47DDE4FAEECE9CDC7E6417689216F111361FC3A2EC6CE2250590375694A8337EC696B367FB41B2CE673C99919D4D3C99D1B4C9357BB7CDB40C97C0C1439B7AADD2FA215623CF9BB54480E4713BDFAE992024C5ABB05C744F55501B933CE5B5D6A724AB90EC84DD337BFF7ABE9EE5EBB10DEE1691D5F49A814B62AAC397E6C9616EADE2D88D74BAC8C103759B4A5C1C774CB220C6D36A8007B5CC53B7E6C5F79F04B30898BD796CD2E2DCBBAB62008154C9B6292BD3026DF03B18AE6C9BD400C4EB7085DD23A21153E5CF0DF52F4611EC3BCE7D71AA74A0FBBDF37B6206FA1CBB85A72607BBF28482A6DC350057FBEE97AF8E321E4B45E84FB60F8D33EE96905ECB7AB95FDFD117AB2D1FDFF3B77E9071FAEE013033E1D7D161EEF7C374AE0EAE2316D5976FD1A77F2D367031F0BB6898F45396D21417840EFC0145797F155EDA1A49EF8CD6EECF02866D5616FDA577D7BAAEDA48ECC809CBE9E622CFE85268833F4E5727CCC01900BAC79DEC4BD405C52E5F342C014E0177529DE3D1B9D96BEA2E05FB4E5D92CADCE40FB5DFCCD1E32DAB609093ACD7CC9CDBF50CBD5511EFAC9DC55615FDF9C3AA0E1C11640E7FCED62F115B7B355A9EA75C00E09DF8B851732B1D29B2D12409AB8B95D7F8E56EECAE2DABF73D23BCC2CDB1F27ECE4B71DD3EB617206F421EDCBDCD200849B0ABC24F20A58B284FEBED76551DE9B46D4E5D6BF08EBE024CE4FC138D841293849B842102820B1C11400F0290991CD7B8880CCE53E2DD9576932E4F6626976BB46F136760892066058CB5EB7C268898DE1FBD1BFD46E92A84115371A694A254B5D1FC85C002512C3C30E59F17D3E68570E9A637EC2B997A2ACAFFD8722D16CFAF44352DC88C00989C71166B8942F74539D85B190D182201F0F7F16EEB4CDE8782E5F3DF00CDE29CB5DB07A6EDA55635A2F97A77D17D8FF2FCB0AEA078F74C766D0A222818CE7C0904427E39684B3368D8D760DF2046B7A65A472DDD933BE8327D2019EB323161981678AC89F6C11AFB7457FBB61DE22D5D9995E4D5CE768389BE9F2C04F379F13EBCE7796044C803A8DD5B773E897A627A6D51194F00ED266A10DE73DE30D6E382BAE4FCA2AF166A5AEC32DBFA2ACE7E54BF66FC9C9AB6EDF2505370F2A50E27905CC056BC028FA9F8FF172255D3A9A8E792F82D6057C0D2B6DD9F0CB2D0BA01B38B2C4815670634E5DD51584E9DA9E89BC520CAD615EBF5D3292AC1BE741CE277FC65A081694B2A8D3A534A51186F3F1489755EF6F3FAAFCCF983F45CF43FF2C90366BD1B3C40A12CBC8C5F0E0F322CCD95081E568D01176B97DB95DCAE5EE2389AC1FBFDDC00ABC7AC86EEC29D7057BE78F3D733AA6C9C2C2F733978EEC7BED5CF1F8DCC68B2D9E3A70BD7AEB7B7B339DEDC1864A74388E0D84C0F6D43462886204B8AD287CBD33AC7E6FA92840CD1538876F9965F2744CF0B861D6F39875E695B4D0058526B7D89B2F89B2BF65340E200CC7B1BE0DA9F4AB14A59448C523E30EF76420964E942D1AB3BD9DB8B2B5B615811488F621D73D0F8C9F51F793ADB69D7083E84767408EAD2D72A171D1C1DE974508AC52B1701EA00E088E26319F09092CB7849745F35919EBB407407B056E7C41DA594AC147CB3FE44B1D2491573697FD351E69DD09A93F60FD512450A34307B38325C994BC6D6FB809DFD7D4048F821174DCD4D4F8BC232A60EAF3E0ABECE1E77BE39353C291AB9AB1335015412B7F3F167940719111578ED29C2F1C9493B66E3929C2FF79B1780837FC501EF4705C8F1E56AFF5252A15F4A23DADD2F9441FD74FBACD6A209DD6E791BB61F32B9A555A719D9F5AB6679C6EFA218A1FEBB8094437134AF99C882110CED37C85AF9658BB166D8BC13DC047D746E325DE8DCDB6C3C3D32F4BB16C32093B5D5D66EFD4C58F5A65695063B3CA0D569CA840500E8D5EE9DC747CF8C2D7F3E9ED1C9F254643D06ACCBC345B0354EB8683F9C5E4CC2E6A611E4BADE65797E3C6FD03F3077D36F0DF358D76A0A5E1A887196C500117EF1C773318EF374B3DA6FECE5EC1D9D3B787B198A6AF985DF05EDC5A7C2DBEB92650B75ADCED111E73C7240BD58DDD7F65AB95108191D3EC60F1B657B98CCC178C88A78719DBFEE6580F79821699EA9542FE16366F7AB3306186B07C28AB66EF5373582BBCB036EFBED4F63E4533333F9E3267E48B2E7AE2DDDB63A21854EA132F938D82132B38841C968836CFD7D037405C505CA53AF1E55E4D562A3E3F18EFAA14024A5418EAA9B3CA37DCCB855B1BEFAA9CA4ABF36B6B6060DF87ADEBD1658ADD902B59B7B63C1BE18633A57DDD3C9E0B8739B59D702A46613F36E4AC56272FA9D1F987EC6CA8103B73A72D6C2CAD272C365C980098FC7390A3260DB1AC5B7B7AE8241DD7A8C58F07E51B5B56C99378246550D454583064C90831F71EC7125CB6626C7A5C814FECC28051D0D073CCB2FD56508891D4CA40FBC400E6A8A888870967D0102A1C89044D7097E27845F114F913EA96365656D6868E04B6CE97E818C6065723D3131B16ABD0E624486FA268C0C4C76DAFD5784260D7EACFA3FD80476F3C63D5B9B77B3D503E94DA12121B67676A604E1A2425EAB6635EACE841E1F27783EC44B4ECDCEF63384C9E49F25E7C92E7B174C99AD045C6B37CA8F304881C183801CFA0377B4D8A4825B2316AA5E82E86A0AD9AF718F165E62298E3E89E8F89AB6B0B050CDD2B6E1EC071257D5CAFB18D326B2F7EFC65457579FEEBEC66E7D6027176DC5AD1A4D99AD2E4C6F2A2A2C2C2C2A3A3B3DBDE70D691542957F8223AAA9892610FEA65C448BF1565AF5CD9C5AAEFC8E7DE3D2D25210FD566CB7DEF7BD2B881AFDF5A14CB79F9989EF4FA7E92A6BB8270BB674176696092847BEC0CF97184A0014C7F46FFD90F6D8D6AB18C9A3AEA9A9A9A4149F9909309907DE2E13960959F16A75804A2B15280282980563B9C65CA53E7F12D61A5BC89D73E7C2354017AAF90FC0A391F079282CD860BBC7C6C61A1DF6048F90CAC501F2B8C6FB0AE4FD0B4D623D5DEDF27E7FC32BC508BBB2B25210DE1B0303C3249BA489CB1ED63B81D65F50AEC0FD5876FEC94A5797889C9C9C9E9EFE675104C4324CF49C8C8DF32573F5B07A0C98DE094A91C502635A77A9E0E1C1EB71F57B6989AE21D493AC9361229B933479156578781868E339ED0B2248C367275CD8D8D9DDEAEC9D9C8EE6EBE88B4DA185F7171AEC38FA19191DECEDFF287EF4CEE97D0DB9D02CF3607272B2B3B3B3CE6AD1962B3DA6C98F58D80F6CEFE818E02C72ABBA828B72E24322B83009FC188B241D492BD7302C662B1A12A927A134C91F176D1E89D8FEF52A91ECF1319CE0FE6524EA90AFAD9F3128616489DE014FA8ADAB0BFCAD76CFA41D1073455AF1AB8D064CEED2B64589C48FED8D86AC7B710D88E6D704EEE5CDCD0B4DDF823F9D0AD5076897610622BE08C88D04C63B06C72F8A582C622C900060FEF24AC23C95D7A5803B59019F4078BF8C6E555EB96FEC964B4A189DE9770DB61DADA8662CFA8A32E48299BDD7AF5F0B15EB4A38E1D05FC44176ED603E8C9E69F31CA1CAE96992C8030B69F29B5081EEECC404CA003EB7B88DCFF25DB7D4362B25AA4107F0E57267C690668F9EF7C1C8F2842028106C3780B65DFAA3EE7FC8995C9417DEFE78012229702E758106E514A2CDE77000D82778B8391974F675EEE6A758C3AB22E834F2B720D0A37012E4BAC01739F217D7FEF362CC60FC0F6AC961597CCCBCC68EAAFCCCCCB15004D013169D9F5C7B0C8560413924C24BC801681A3DD0DE9F182A6996986913516F164C3B2A231ADEA70E6F9E38AFF2D20B0ABBE5EDFCBF1C780CDE140434547574E897D6B3A7CC487DDFD292C5529AE0C181BC3F119E0630E44C30E183FC28B2CFE7EDF4677847383DA7AD74CA75D24CC0693CD62B5DAA8241A2D93B878718F43257575767579954D4BF6C18FE1DB05B7F2FA1BE5DA07CEE470DF2EE86DC1088EC5170C9C6BAE5229AB192948E8B3B5F5D9845C7CFAF4376B7F6C40738612DC5BC15CA70CDF701DF077B3AF4AAA6CC2E921B888A65AF2E2EE0D8FDDCFCC7BF1A79ECCFD7C97250B38124A4D95BB4E9391B07FE238C46C800B93D717C667CFCDD11A570ECFFD781AD92EA56CD2ECCCD0D9C357FFA39F599618C75F31F9FF93D5E6D7E6ECE3D03DFFC3976254586CAFB535B1E56F947E967A664A8D7D3447432480808807B286F85FE8F60D512B28B1096BCE57B2490A0D09AC5FB230A9ABEFEE1E1785C8BAC7113933E60844991BE07FFA28A2FACAA8AD5C54A97D9AA3281D6F20106BE03E1A4C53E374D37292121A1BDBDFDA7C262935319875924468D3ADEF90408F4910832F4BF2143EF6F6CE06E623C3E416AA67B444C940338F6D5BDC229B3D06E41E65A5F47E50245AEF4D2BA3AF6D5C11B830AD5ED5B5ED04F3D60DE483E1310B82D3B9BB8EED7CE1F445C698212B2872AB7F026B327A58494951334E990E6328D1CCE78CA80861A3982C16F47CF607C89BEAEDDF8A5ED23AF99B668CBC66ADC1794941C1C1E229A230A0909ED4D97BC7DEEF287B066726323EDA33D9CCC14419297604B230BFB63276B2B8FD2832BEBFBFDE9BE2DBA44B07BD9D5C7CF708862B04231AB54A3951BFC1A3566F182DF61E76681517F659DA2DDC110D66FF0C12F498A4C824C8262776F6FC7642979DAAC66CE82CD2DB346907E4BD6CEAE6AD602C3B32D4C349B21A25C4871626271B125C9D00DE4ED76ED8D88CBF167D1D9C9F5363C929F6FC3F16974497BB0C65C265FC1BDCCC6799209C0E6B9F97962371A223FCF6A6C8C4CFEE2ED37B75FD5488EF23F37790CDECFB5B96E6E396738CD1B2FED5C3FD68CD285EAD87E716909F6F280254A4F4FAFD6E26896021689E7B84926E023FA8B3ADC1E21D4A6C35A0160516083022FB5049953CFD1CED587412C81AFF74C74B1040802666FDD86DD3A8CDCB63AFC6B346AEB01B2CBEDD4EA79B25AA351473218F52EBB0609E386A24499BAD8602CB6D0AFA9EB02ADAB28182017827719BC6E5D48271931CE525ED030A5E384740F7FAA5E29E1FC489ECF4E7C5CB6667FCA6723A34E458E49886D3A687ABAA89AD1C17B58C02E49D43480222092BACFFC1046ECF7A2EFC18B538893DA8672FBE216B028647EEF2CF2521AC0757DE684A53FCD289F5D6AB5F9EE3898E0226804971C3D7896E17E9A9F48172E4C7F1D011A7ECAF6AADFF1EAA65DC511C402ACC84F96275C94585A20074A07CC9437FA42E227C81CA0DC64B1C15B37C080DC8A2D37915211CDF840BFF6CB16EFAA8BEDDBD17998CFAC7E4447682A38EFC82A7BE89EC47C1A6D9BB760FB227BBB24A15933B255F07309EABCF75D0708DCE5F6AE6FCB871C5CD2D6A6D3CC8722D06C040B2A206FEEBBABCB9729F15C7FC74D34E9B740BA8E383A0F2767F1DB667F5F4D8244F8B02C87B074158710C5CCDC3CDBC561F9E1D089F463A4532E0CA32E7953B7DE3B19D3838383A91DFB8B8B8BA554DB2E2FA1A6A6A6EE15993FFC5D8F3D6848581C3FB95CCF29108A9D0EE644467F9C5A11C136C012F959B81FDE2858378F8CCCF927048FC2F0EFDC68D53A3675AE206303D3E47104403C54E69B7D5A012F5C2248EDE138BAF6FA8374C9E5FE6B0229DB8597444ECE9E0186C6D6CB64BD91D6945428628271F53150E1D626C8931076745F5A4AD718E27E7DACAB4B9BBCA9E5AC62868C0A1557B7E40AFEFD7212B064F399D2E969E523DE7D168EBCBA61A32A03465FD1A73803E6A836C66EE800ACCFE30CE33A6F05E904FB42E245CC1D3DCEBA6475BEC84A230B92F1E1DC1F2F7B267C5FD47E0E3983EF92868D6AD469DD55DF5D2B7EB67E71BB06ABAB1AF67077D5EBF6A635F767BE2E08D44FDDDCC7CD4FBE35BAB7FBB896EE74585E9CBEB6D9D3537FB5BCAC26FF21C2AFCB4FF24D073683161E3C69AE2CACBB29C36E95BCEFB78606480AA65F547BFBC7135245AA7867A4266479021EE7F2B6B64CBE6937E63467F270E7863937A94C68D1574043C5D5D5E70A53A66A1AB722DA4EF9458709BCCEADCB8CCD9EAA01E2D5D8C8454F1F79396EC222982063BF02B4105EB81A04FA430B348C96B6C475AAF0A858C7EB60D1E9203B1B40F37B35D302121494B13EA5CA7806E118ADF5EF3C392D2D2D6565B2B00AAE6E6EFEE549EE0E6F68F0A6F52A823053BB8DC1AF3679012B1532A85127FDD8564F5A1905BEE7BF43E2BF2FCFCEF61DA9CDCE16AA970E76C3E7B0F9E9D6193B9AA1516785E024199AF3896220DE1CDFD573F467F0D5DB8CDF4A5A90573AC0DAF8E492ACB473B65E8BBD8B40860181BCB7DFDC59A0FA0B56346675947B7AECCC56C9F21E7B8F8A079D96E60834DB7E6B19479EB6600B6C6A2BFF7BF25D4D4DBCE7ECE2A2741DEDC44BF42F5DD9F20500E53AF6FC5655A5D01C81FFF9E2D77252CC0BE8D7AAE7785044397575893DD34BB4241351605C52FEC7EBB5BBABA3FCAAC536AF369BD418E1A5C791D6E8F3FBE34EA4CEF489554AB490D3D74A38F36D00B03CB4FC8EC0E504D85D168E3B30E3807906558288308F9ECE3FE54FBA6C8DA4D3B75EEBD9DAC618AA9D6875D8D6D8048F8C8C8C95016C4F06D6652737D1EFB1E3457FB5EF750E1B9CAECD119FB03D0AAE88B1C8245C17B385B575A2412AECDBF9257D009B6E71A38210D7319064A09D8EACFD9D4245B3DF65DD234B78AAAE9ACC739FCA48517AA95B32E113E1EAF4DFC5C0DEBF88BEBE62B411BD963F5F6874281A1B76CBE8BFE39575B91E07E578C3121FD9D0D6813E148306350C88303F1C7D6B168A82A5C2A095DF264D58656A11F6FD44BCFBF5D1F0E7158FEE8A187414D4045471280DEB11D21E2D06D82C2DB970666F873188081F837A1CC2B94A5B7F92DC9084E2D2B21E7F3F78AF2AFFFDA84BDA6F160A041240EBA638BD7C6F99E3F8B922295B46FE8E1BB24B58CED36D378C0302E9D1ACCA76F6181969F33BECBA84E79974879C9F9FFF908507BC24C04EE0722A2A2AF2F3C997AABC5F4EFCFE8D75440922F20B9BB368E3F47AF427CF74BF78B87ABAFD1E18B7B1F1C6FFC352ACA4A67A496D6B2B5FA5855080AE3CD9090AA81980EDAE4ADB8D014044A1F4ADAF1B34E7830C7E19DD1DDC9C799DFDD657F3DBCE745ECD5CF2B8E2F62B0E363BB6AC510758C707F189589E4F45538E0E0EE3E54A45532872AB99CEC6D11CD5077B7BA854D47575754888886F00808887000476B8A8C46F404BB4E41319A04BAA036ACE60F90D48FC8D6E26842B0EF6D2A61EB06F8D3E6DF5E20F7EF0438EA14E3C5A6C389BA25629CECEA64BA41E8925F6EB693A4F72FF3EC4F04E4912C32A28320FDD8C032BBC2721016365C8E7E74C4CD88E9D806050FBE7DF00236168E51058AE3246E2A553FED1BCB72838C810A8310E058A7905B9F4F9786F2B5F86377BCA28585D7960C3EBE2B8F3C9F3B11950D3B4E714E4EA2E92146F45DA7242BBE03BC70455948BE275B18E2ADB2D2D2DAB03E2C64D723C28E626DDDC19D365C4DE0EABD360007F71DCDCDC1CB8B43C3C5A9C10D4BF7C107372AABB262CF8794304F1E0140518F9337BDD6B04BCAE7130D34D8E07D8B8B8E7B38299E363639FBC934102A78290DBA73D1F304B2E6BD67A0F70C9AB3553929CF7D6FB0F38FF9FB2AE3C1CAAB70D4F344CA426FB9650B6698A28459669B20D59B2CEA02CD993882CF18B32237B8C8C9029D2621D4C1ACC48B6226B96B2678BF80D65C916FADE51D7F57DD7F5BD7F9DEB9C79CFFB9CF77D9EFBB99F73CE7D466DDFBDC8D70FDBA600DA92A78D65BB67E8E7FC20907D56AC77016A2339F7487144DE29E6ECAE6208C6353A2AC1D1A01A0E933D11041643C6A5FA32C5BA80503EC9AAA627E27A3F7DEA4253AF57FF24992D95D3E9A19F8B2F1515158D08103C7D91ADF6CA221B1C11BC14174E610B8DD1CECE24F816E713F33C8F5AB7C7C7EA54D8227A2259378C37111F9AD70153F9BD5EBD2AAB9608BFE1E93C0E0CA6B9BB0A08087C9D9AEAD2124D883A3E147BDE2AC3F59C4DB215C2CADD5DAE5E493DEBF883EA48F4A851E4C5C713DC199999F725340D6122E2E2B9C3F85729A09EA1F65FA8E147CF4672EEE7C2F5A01B90493D4A8203D5EF97D51C2D5FF67A396D8941CCF74A5F3750B8FAA910803081405820C3D6027FCEF666674B3DC23ED60105BD35C5F6E75C5555E2EAC85935D5152A9F1CB9A9BD18607771717B4BCBD2AABC6865D7DB07AF61051FCF61106B518B492B2B2BC0F7ABDE98C066E6E604EA9C379E2915824CACA8CAED1762367265435C49C7BAC08A7739CE0E2918F7C31E22D90868295EEFB0A7577D14CF02791F92543FB6369962CAFA47E0B131A7862FCDE86CB34205C52F1636ABF3E92A74EBE2C2625663E9F95ABE6E4BA0A95521E4CF1E274FBE7A2626C2C31159636013EDD0E6E65FF18BFB8F16C2D6CE6E266D7878386050DAD8EC80DCBD97968894E6238C43DF984C7ECAD36ECD44AD75310B65C76BD78A826EC745BC392F895F5E59E9EA1BA013E0CA7F1FDFBD61872421A535AC7C6FB84D056D6DD14F5F3FDED47C0E03C5AA83D2362525E5E6CD9B57AE5C01DBC07E9DF743434379162FB47E31A9CF9F3F0733186CCA79D7429E3F7F71B1A6A3FD3216DBD4DCDCDCD2C20D0FE443EFE5603766CE33999679967BEB01E9454737BBE4780E11B7416D505D9DE5F410D0AA858B52A209B20F74F665B8489B9CCAA6CD248098F4AB60A97F2C1CC01C5EA6C8E5F86F015EFB4FE277FF0B63CF8E4A9855881BE79F104D58FE85AA61D74F144F7E24F56D180D03F5D808EDBA43A73B0FA4397A0F83D9F3F16369F8EFDB98097CDBCA0A81BBE050C86477D0977FBCB63638E7B57BADC27C15D65EE9E80A866D97108D4C4DEFAF86B0F408E849E3EB837381198E5EB441C5CB0C03188EEA668CC3A5FF483A6A537CC1D8F863FB2BC24AEEB01E68FAFA2D2D2DA986CF867D6AFC26A272335D5003E1318F376E2CDCD3DE1CDB5C5FAA4BDB5BDFD3D3735255756A72728DA9ADA65609EA436CDB3E1826A6E6C882EB4951458737E2FD0EC1AC9B7C8F6B1AFC363D20E6A8BE7E593ED5C1B342C70B87CB1A65D22823954B3FE38428C355026916970041D3A42096B56C8BACB1EB9D5EE5E374E1030BB3ACEE9D6FDC3B2416CE33E42425BABF448C4B738FFC8357AC96D3ABC9D51544AF6FE7AA52FB35545549999976D89D666DADAAAAAA27E679AFB5B57547F07B80DA1FF6F5432A58DCC5C5C5B1B1B1D2D213CFCCD3D3D331F53E718DE3C3450CC6238E6F20E0BC550F332FAB6B7438D0038B68B4203737D911FF3B7D4E0CFC43EF2CFEE55B5BA3A38E110DA96F815F82D3E69C958118888FE98E0494D3FF9F843728ACED43D4C62193282B520B1A14F33C3317299DA5A5A571C519E5CADC3EA961973C4BC429519E4B5D208BCBE2F7EEDF3F38B71215C5816E6A8C13DABAC9270AE6FFCA8F78D2B128A7D9D9591007ECCCDEC89EFA504CA9F3CCD6D6D6014AC88B91207648435D1C233C74B667565FA2944FD9B8E9127AFE07230BDE18C5F3BE9D2C60888035A4F2CB87DF84EF46D340648F71541BD9DBDD790D4B159208FB510BE1968BB17739C7A62B986382A5A966B6A1332A7CF9336A7C9E3E7D6A536C9F1DA490FAE1D4D54F0D015D2D7AAEAE5F2D4C35CBFD26DEC5C7C70777402110494130764D5E2F796B341293982909E87D470993393738B9B6704C57178D81DEA920DEEDF79E9F9DCDB1AB03C1BC99604AFFA8B51C6576F25C91B5917538E103F7E3F0EDCA922F9B9DD9E78927F8184D6C0763C9EC92A8644249A7CC8FD6D60B7E1375756C523A799686EADD4A19B7554E7BF78D52067B7A1EF47B4B080B63CB708A57A150E8D94066F0788CDCE2D2D284A610E0767D7BBE7BA76C3E7AA44D2908DDCA0ABA1134FF8A4FF9B4EABBEADFDB8F5349B14688E8137BEB9736930FEB7370727AC28E3235572BE78F1672862AEEE54EE50F9C1B7055126E68E90048C73870595976D8D3641A754826370B808F139F3A4F5EF396DDCC3F8238F87CB96D11FA43F9EA432DCE077065AC70547FF9D5B40EAD11925532D4E9C5151C0E1718B89220769AF12B3E31515048E868AAA11F44F3D4A9534A4A9D9D9D929B707D3DBDD8B8387F7FFF995B2B4D4DD1E67985F9F98BF37A3AA515C33EEFD31117019D151513FB5C6427973266D0BDBBB7AFAFAFBB9BEF3B2E627F4242C202990D82B40E4E0E02DEF833DFEACB42F0ED8D797A2C8F58D3C244B8B5ED2C25978DE728E19B8AADCACA73EB8219BF43E366D8568764E89851F565D3892B7E70D3378832B8E1872C96FDCB72280CF43BC9D5CAC5293818CBBBC675F5F738FDDB9D23BCDCDCDCC4FBFB1A4265F4F5F5098AD5DC4E8E365F796B151A31B5BFA2A50C7613879190A4F8BACB81E6F2FC0547117BFFFD9C46D6FCD5C3BE7FB77CDEE825CC9DDD4601FB502F8B3A07078F8A5722F8059FB3DF92BB66118373C9A650EE6B1DAE4299DCA7EA26B3C41A119602189983047476E14B0F8752695F0CD44F061A593B7A0929891CE7437F83A1BF42177B3F54D548C34077E040DC1DD19F1EA2FEF4E517C4C864C19E301221BA826C3F70184E928A65578CE6A6A82C72531D10D5609F1B8673CE5CDB4F9A58B2B0B78BFC98D798DD61C51FF54881443641EA668D778D27C812DF927580DBA76764C4AEDAF30EF416D8CCEC2A1FAF6A84240D38F387B0E36199ABBB78137C2BE4A41A7C68BF340C61D2A3BE67DA1F6B878FD511EE1DBAFD90848F5B8D87383603C2B8BB2E646DC15EE0FDA8EB1E3C5C7ABA9F3774D6FD89CC1B003D207F00EC0000247EFDD04DB0F42F4CB23698D48E8C8C0C7CD13A2429FF2EFE8C7C5E928E3930F5FDD2CC105B1A89EF7B0C0A6D302DA8614031D400280E1256203D4BD08CCFBAB6D16882D8BEAC3A87A12780A84C4C24A5A50127A30FDF9E78C78339DD1CF12ADC9BEC68CFD24DCFD1BE14E7E5797A7BB736D77E41453C1008F33B903994A2CB35E9C92F30193A758D3B9A71078E6EE25A5DFEC0F620CDD4DE8D9ACEF11E8C864F2A2B53AE923FAED30AF0120C7DD2E3B954704888DAA5533688540B0B8B93CCD758240F0F0FD127E0ED83FD158DC1E41A10417383B4CCCCCCEAB8EE5D28AFB7EF379250E0FA46427F470634DEB5238B7CAF443D5238A39F111AD8FDFC208BB5A86A6B2B6E138B3F1A8CFCEE8EB607C0986A3840CCCA32868948480078F4F1F090C4DB338293DFF58361C2062A2E8C5F8F7292B8F52D9B12BEF5AF8888C802991B8214D01949429551A92D86466B7487448AD9ADA4B9EAF8E6E0D7BEDB2DB156AEE9E9C1FB49CB61EFDA4E5AC8F8D2080468C6DD1C4B04155470671B1965656579790ADA870E2D42722B82C9D33CA3D796A6DA70B1CBC4CAAB3312EE8C69B685E4799C7CFAC1E6F6D6BE0ABF2B6047768E510F31C81004081EEE246357E2D6268A8EEEF796C57BF795D43AD0C0E9405652522A71A19AC0FE0B52F040762427D61A8F5F9A6C3FE8DEFE488AA68FD59D0FB3251B9109DD262476B50EC4197DD220699E5C8474E8EDE9E1FF2E52AB891E09FC3F308953D1834981F967676707B30F18E66BE001FC4242D35353972B6F106E83492CC8CF67D00F5C44FAD0062D6ED4DA659B816C5D6C473391AD4708BFBD7120F7D6E6780BEC692EBAA1EE5859923381303D3DADBDB5FCAACDC75D58EF1D5CC4A4CAD85382BCFA033FBD7E97C1D097E88F3F927206FD730D9FEA1C3EB98BF4A2248DF7A2B9941B292499C064C13EAD3174471C71916F45CE1EF0A9658B3AE0E6F8E113A838E4C30BCFCF06CD3784EE7CD4005ED9F8BC232717EDFD271C51657103EF4E3DB0C47AC997EDA8537A72F84280597BFF1E368FFBE9744D3E0F2EC28F83443C4C2ECC04FB5E213193072B72EF1EC9153444789CCCE01153ED4C71AEA67F247201370DB819B62E2F2FEFE1E595FFF265F4AA0EC41137AAB1195CCC75EF9B9CA85A07A9AF68810C05E039F9822B27B7CEFC3C009168CDC4E9EE4AE8719EB3957C46EAB4D13DD8707608B18E68D375E7E139701CCBB8AFB5E111467EDC941FBFAA33AAA59B2826D35F5664477B172A0D2991C75E804222B4BDBCBC0C8306BB2B09C1A6BBB70D6AD5BA86A899AAD762590694C243D8216F0FB9BABBA7A5920A03C21426FA41128549E9BCA312961CAC0B11294C325B840B9E5550CC534396A690BAB79A87CA03EEAB8CF8E3E6BB34B965A887FBD345C44EFBC4AF02DECD55127A1002C9250F554EB4A6AB4CAEC00A9AB24C5BFC9BA9BE031864738875AD5AD9D0EB8055EFFF79E78E3D1CB30BF2F61E7021C0BEC337663C2BB738EA9594A39A846547526C053534BE8FEDE958828684DCF71EBC73842FC2925763510F032EEBABC2D9B3A1BF56AEB1E60C350BE365AD4DD95FE0DD2DE4724FE6581E3C33EFADF3DFE5BACBCD1B22243049F11D745611C0C60BCCCFA442D7597D415B133802CE49C88D90DEF994458CA2C16402912B66BFEE8EE310D13F0CD501F83599B9B094269238A5308FC1C5F6476AFEFFAE081B228EC0F8713B2A2FF56CBD113CDCD6BCD68D064C091BB671194B6E335066F50135B3CE1F0918BC7434E4CF564970F41F7D98F3AEE41D29180A29F94744160DFDFBE3D29D377F589406FE4754D6C026BDA31F8BC0AEFD7EF3C457DA7652F6F38E7C56D744A718ED78F73FBDCCA6C1, 'salomon_schema.png', 'image/png', NULL);

-- ----------------------------
-- Table structure for invalidted_token
-- ----------------------------
DROP TABLE IF EXISTS `invalidted_token`;
CREATE TABLE `invalidted_token`  (
  `token_id` varchar(255) CHARACTER SET utf8mb4 COLLATE utf8mb4_general_ci NOT NULL,
  `expiry_time` datetime(6) NULL DEFAULT NULL,
  PRIMARY KEY (`token_id`) USING BTREE
) ENGINE = InnoDB CHARACTER SET = utf8mb4 COLLATE = utf8mb4_general_ci ROW_FORMAT = Dynamic;

-- ----------------------------
-- Records of invalidted_token
-- ----------------------------
INSERT INTO `invalidted_token` VALUES ('0211b14f-9d79-43f2-8b6e-8e847c5c0e0f', '2024-10-11 02:43:21.000000');
INSERT INTO `invalidted_token` VALUES ('04ee937c-60d9-4f3d-bfe4-460bf8359b93', '2024-10-11 19:58:16.000000');
INSERT INTO `invalidted_token` VALUES ('230eba15-870b-49b8-835f-2daca64605f6', '2024-10-09 19:00:23.000000');
INSERT INTO `invalidted_token` VALUES ('45643841-d68d-450d-9736-da36ceb311a2', '2024-10-12 00:13:59.000000');
INSERT INTO `invalidted_token` VALUES ('474dd1bc-b73c-4e11-862e-36d9514d2115', '2024-10-09 21:17:32.000000');
INSERT INTO `invalidted_token` VALUES ('4eeecf3b-6525-4fbe-96b7-7d6428368fa3', '2024-10-11 00:43:09.000000');
INSERT INTO `invalidted_token` VALUES ('6dc3b6d4-c7e9-45ef-84d7-3a7de1fc9831', '2024-10-17 15:41:13.000000');
INSERT INTO `invalidted_token` VALUES ('6f868e8d-1e12-4eb1-9017-b1bdbb7c869a', '2024-10-09 14:49:12.000000');
INSERT INTO `invalidted_token` VALUES ('7adefbf6-5125-49bc-8261-f437d95d664f', '2024-10-08 15:57:20.000000');
INSERT INTO `invalidted_token` VALUES ('852e2bf4-98a4-48c2-b6e7-86e78edea28d', '2024-10-15 19:43:10.000000');
INSERT INTO `invalidted_token` VALUES ('90c8d340-f051-4a8a-9abf-6ede273398ba', '2024-10-08 15:40:36.000000');
INSERT INTO `invalidted_token` VALUES ('9e0f68d4-62c4-416b-9065-67b28ae7e3e3', '2024-10-17 11:04:52.000000');
INSERT INTO `invalidted_token` VALUES ('abf51d09-9f94-4dd4-a195-cfd0e7f0625c', '2024-10-12 20:14:02.000000');
INSERT INTO `invalidted_token` VALUES ('c852244e-c4ad-4af6-a51f-5b0a341f2012', '2024-10-17 13:10:43.000000');
INSERT INTO `invalidted_token` VALUES ('c8f8f3dc-785e-46cc-9a6f-eb9d20b750b9', '2024-10-12 15:36:09.000000');
INSERT INTO `invalidted_token` VALUES ('ce5685b7-5f5d-424e-8299-3e3ada4015d8', '2024-10-08 18:46:08.000000');
INSERT INTO `invalidted_token` VALUES ('dbcb68bf-a5ae-4db3-be35-22972c65f490', '2024-10-11 13:46:29.000000');
INSERT INTO `invalidted_token` VALUES ('dc74613e-5ab9-4d9a-9d69-097a4a0a1882', '2024-10-11 16:22:01.000000');
INSERT INTO `invalidted_token` VALUES ('f09ab46e-0d74-4bb2-ac7b-70cb77c7577f', '2024-10-15 21:43:35.000000');
INSERT INTO `invalidted_token` VALUES ('f33d5f4b-40a5-4c44-bbb7-4fe148312d1b', '2024-10-10 01:14:15.000000');
INSERT INTO `invalidted_token` VALUES ('fe5cf89d-fd69-41b4-9c86-2d769f70bed1', '2024-10-16 15:14:07.000000');
INSERT INTO `invalidted_token` VALUES ('ffc5f245-d18c-49f0-a78e-a90cfc94dc6b', '2024-10-08 15:56:57.000000');

-- ----------------------------
-- Table structure for khach_hang
-- ----------------------------
DROP TABLE IF EXISTS `khach_hang`;
CREATE TABLE `khach_hang`  (
  `kh_username` varchar(50) CHARACTER SET utf8mb4 COLLATE utf8mb4_general_ci NOT NULL,
  `kh_password` varchar(255) CHARACTER SET utf8mb4 COLLATE utf8mb4_general_ci NULL DEFAULT NULL,
  `kh_ten` varchar(255) CHARACTER SET utf8mb4 COLLATE utf8mb4_general_ci NULL DEFAULT NULL,
  `kh_gioitinh` tinyint(1) NULL DEFAULT NULL,
  `kh_diachi` varchar(255) CHARACTER SET utf8mb4 COLLATE utf8mb4_general_ci NULL DEFAULT NULL,
  `kh_dienthoai` varchar(255) CHARACTER SET utf8mb4 COLLATE utf8mb4_general_ci NULL DEFAULT NULL,
  `kh_email` varchar(255) CHARACTER SET utf8mb4 COLLATE utf8mb4_general_ci NULL DEFAULT NULL,
  `kh_ngaysinh` int NULL DEFAULT NULL,
  `kh_thangsinh` int NULL DEFAULT NULL,
  `kh_namsinh` int NULL DEFAULT NULL,
  `kh_cmnd` varchar(255) CHARACTER SET utf8mb4 COLLATE utf8mb4_general_ci NULL DEFAULT NULL,
  `roles` varbinary(255) NULL DEFAULT NULL,
  PRIMARY KEY (`kh_username`) USING BTREE
) ENGINE = InnoDB CHARACTER SET = utf8mb4 COLLATE = utf8mb4_general_ci ROW_FORMAT = Dynamic;

-- ----------------------------
-- Records of khach_hang
-- ----------------------------
INSERT INTO `khach_hang` VALUES ('admin', '$2a$10$Q6P.XkEiEcL3boPVaWMedeS8qQapLaxofO8aisPCRJqMZcT1o9lA6', 'hoang', NULL, NULL, NULL, 'tranhuyyhoang2004@gmail.com', 0, 0, 0, NULL, NULL);
INSERT INTO `khach_hang` VALUES ('dsdcs', '$2a$10$KAQCchTjM2xwo31vFKZqFOOjYHP108cOEHT9ibF/Opy79ih5jP.kC', 'John Doe', NULL, NULL, NULL, 'dgfđfgfdddvdddddsdfg@example.com', 0, 0, 0, NULL, NULL);
INSERT INTO `khach_hang` VALUES ('hoang2005', '$2a$10$bfYadDnXrVJFmNviJEWQw.vIAdiIADiYlLmKadi6QAjpFIjNHIEDW', 'John Doe', NULL, NULL, NULL, 'dgfđfgfvdfg@example.com', 0, 0, 0, NULL, NULL);
INSERT INTO `khach_hang` VALUES ('hoang2005d', '$2a$10$4KKdLB8SoHMFF9JPH6inQeiQbLJpm79eeAm8lfT9X55qlKcKz5nH6', 'John Doe', NULL, NULL, NULL, 'dgfđfgfvsdfg@example.com', 0, 0, 0, NULL, NULL);
INSERT INTO `khach_hang` VALUES ('hoang2005dd', '$2a$10$ZHXiRdImqJL84Nb2qYD/Y.jo2pM6UKVt9Fy.NfGtyLEsWbEG9av4K', 'John Doe', NULL, NULL, NULL, 'dgfđfgfdvsdfg@example.com', 0, 0, 0, NULL, NULL);
INSERT INTO `khach_hang` VALUES ('hoang2005ddd', '$2a$10$pLWgmm0T/rUrvd2R3Bt1QObOVy/JVICkXEux1aUvJCjTmzkf14FaC', 'John Doe', NULL, NULL, NULL, 'dgfđfgfdvdsdfg@example.com', 0, 0, 0, NULL, NULL);
INSERT INTO `khach_hang` VALUES ('hoangdz2004', '$2a$10$yajGb6R2A9PjlotTqe2EZOP35OJwjPXJ2lS9mhMsPWa8dQWZGUXlu', 'Tran Huy Hoang', NULL, NULL, NULL, 'hoangdeptrai2304dsdf@gmail.com', 0, 0, 0, NULL, NULL);
INSERT INTO `khach_hang` VALUES ('huyhoandgdsddfd', '$2a$10$Nc2uUmTV7oxYmp5IqJen0O1njr/ezhltu2nDMGWzf6UTkxrJ81/tS', 'John Doe', NULL, NULL, NULL, 'dgfđfgfdddvdddsdfg@example.com', 0, 0, 0, NULL, NULL);
INSERT INTO `khach_hang` VALUES ('huyhoang200423', '$2a$10$vq.urwAoSqBzEyTIvq.oFe5YRVGvhT9V6BR2JzWV.zHTfjXCpTeNG', 'John Doe', NULL, NULL, NULL, 'johndofddde@example.com', 0, 0, 0, NULL, NULL);
INSERT INTO `khach_hang` VALUES ('huyhoang200423s', '$2a$10$BgDJaiup6WT2bxHUaqPNUe.vyMc9X3Nrj/jVQcs7WVxHgz0MXUJB6', 'John Doe', NULL, NULL, NULL, 'johndofdddde@example.com', 0, 0, 0, NULL, NULL);
INSERT INTO `khach_hang` VALUES ('huyhoangdsddfd', '$2a$10$Sr5gqSo4qeWF0AIeNiGhnunrz5B3jNq91kK25lepehVuFTZSIjlZm', 'John Doe', NULL, NULL, NULL, 'dgfđfgfddvdddsdfg@example.com', 0, 0, 0, NULL, NULL);
INSERT INTO `khach_hang` VALUES ('huyhoangdsdfd', '$2a$10$FmDjqxeHDLtme9MAHOzuBuy3mQai1ttxqZWuC19d579kEtjcKqPXy', 'John Doe', NULL, NULL, NULL, 'dgfđfgfdvdddsdfg@example.com', 0, 0, 0, NULL, NULL);
INSERT INTO `khach_hang` VALUES ('huyhoangdsfd', '$2a$10$1Aq5BoWVZX3NJK0NWKIJnO7FHZWtU//Qe7NGsTxzdQkGj9dI7uXgy', 'John Doe', NULL, NULL, NULL, 'dgfđfgfdvddsdfg@example.com', 0, 0, 0, NULL, NULL);
INSERT INTO `khach_hang` VALUES ('john_doe', '$2a$10$L5bGRSOkcX6EwsNdLDJdUeuB06ZOY4yYrYcovJXpHa5tY9BDjP1my', 'John Doe', 1, '123 Main Street', '0123456789', 'johndoe@example.com', 15, 0, 0, NULL, NULL);
INSERT INTO `khach_hang` VALUES ('john_dsodef', '$2a$10$2buB1ySf3hNfFTJmIdFPseNZ.wooQyCbweW7dYXeSj7HFdE72FjTu', 'John Doe', 1, '123 Main Street', '0123456789', 'johndofdde@example.com', 15, 0, 0, NULL, NULL);
INSERT INTO `khach_hang` VALUES ('john_dsoe', '$2a$10$WZJVtdn57amCQSPVBPH0nuYEK0TNn7GcrlH8s3glPiiV6zZvZaYb6', 'John Doe', 1, '123 Main Street', '0123456789', 'johndofe@example.com', 15, 0, 0, NULL, NULL);
INSERT INTO `khach_hang` VALUES ('john_dsoef', '$2a$10$ucVs1VZCHgVp1hEZEZ/4l.Hu/e7/N2eoCGIgt6e47gSHY/LgDdZgm', 'John Doe', 1, '123 Main Street', '0123456789', 'johndofde@example.com', 15, 0, 0, NULL, NULL);
INSERT INTO `khach_hang` VALUES ('quanquyen', 'huyhoang2004', 'Quân Quyền', NULL, NULL, NULL, 'quanquyeni20032004@gmail.com', 0, 0, 0, NULL, NULL);
INSERT INTO `khach_hang` VALUES ('quanquyen2003', 'huyhoang2003', 'Quanquyen', NULL, NULL, NULL, 'quanquyen2003@gmail.com', 0, 0, 0, NULL, NULL);
INSERT INTO `khach_hang` VALUES ('quanquyen20033', '$2a$10$enx.mYKhyrGEwMHbdwmklucI3fS9QQGUavhbhOp.HutbhV.Ir8Ity', 'Quanquyen', NULL, NULL, NULL, 'quanquyen20033@gmail.com', 0, 0, 0, NULL, NULL);
INSERT INTO `khach_hang` VALUES ('tranhuyhoang2004', '$2a$10$BTRj6csF.iMvs14fEdFhFeQkLG9igRzMMs79viHPKwY9uI8Z1PS7W', 'Trần Huy Hoàng', NULL, NULL, NULL, 'tranhuyyhoang2004@gmail.com', 0, 0, 0, NULL, NULL);
INSERT INTO `khach_hang` VALUES ('tranhuyhoang200434', 'huyhoang2004', 'Trần Huy Hoàng', NULL, NULL, NULL, 'giautencongtdu@gmail.com', 0, 0, 0, NULL, NULL);
INSERT INTO `khach_hang` VALUES ('tranhuyhoang2004d', '$2a$10$8RId5mHCimCN4CbICs5KqO7FR9nK6J2uFbVPQo2ocsmoAFbvWOaAG', 'Hoàng', NULL, NULL, NULL, 'tranhuyyhoangds2004@gmail.com', 0, 0, 0, NULL, NULL);
INSERT INTO `khach_hang` VALUES ('tranhuyhoang2004ds', '$2a$10$vjTiCidZfwpcquAvlL8M1uCMFcYycddRsG/iiRowseFHRHZglWnZS', 'Lkjdhsfl', NULL, NULL, NULL, 'hoangdeptradi20032004@gmail.com', 0, 0, 0, NULL, NULL);
INSERT INTO `khach_hang` VALUES ('tranhuyhoang2004dsdd', 'huyhoang2004', 'Quanquyen', NULL, NULL, NULL, 'tranhuyyhoandsadg2003@gmail.com', 0, 0, 0, NULL, NULL);
INSERT INTO `khach_hang` VALUES ('tranhuyhoang2004sadf', 'huyhoang2004', 'Hoàng', NULL, NULL, NULL, 'dssadfdsdf@gmail.com', 0, 0, 0, NULL, NULL);
INSERT INTO `khach_hang` VALUES ('tranhuyhoang20d04', '$2a$10$glTqwoYrtllkjRn2lvyJ4O8Fxsnh4g.NfLsflNa6fn77fe.Yp37au', 'Hoang', NULL, NULL, NULL, 'hoangdeptrai2304@gmail.com', 0, 0, 0, NULL, NULL);
INSERT INTO `khach_hang` VALUES ('tranhuyhoang20d04d', '$2a$10$CEzT3UhkU8Zye8pxQfkGc..SNIvnAA2Itx.kfoMRjWo6uaMbINx2e', 'Hoang', NULL, NULL, NULL, 'tranhuyyhoang200d4@gmail.com', 0, 0, 0, NULL, NULL);
INSERT INTO `khach_hang` VALUES ('tranhuyhodfang2004', 'huyhoang2004', 'Hoàng', NULL, NULL, NULL, 'hoangdeptrai200ds32004@gmail.com', 0, 0, 0, NULL, NULL);
INSERT INTO `khach_hang` VALUES ('đcvadfad', '$2a$10$567qnUQumTdkQ1uoi8vqqeRYG68dx1KoEFvMS4jYmXtUX1WGEVTIG', 'John Doe', NULL, NULL, NULL, 'dgfđfgfdddvddddsdfg@example.com', 0, 0, 0, NULL, NULL);

-- ----------------------------
-- Table structure for khachhang_roles
-- ----------------------------
DROP TABLE IF EXISTS `khachhang_roles`;
CREATE TABLE `khachhang_roles`  (
  `kh_username` varchar(255) CHARACTER SET utf8mb4 COLLATE utf8mb4_general_ci NOT NULL,
  `role` varchar(255) CHARACTER SET utf8mb4 COLLATE utf8mb4_general_ci NULL DEFAULT NULL,
  INDEX `FKt7r63apu2h77y574ow4pb1juu`(`kh_username` ASC) USING BTREE,
  CONSTRAINT `FKt7r63apu2h77y574ow4pb1juu` FOREIGN KEY (`kh_username`) REFERENCES `khach_hang` (`kh_username`) ON DELETE RESTRICT ON UPDATE RESTRICT
) ENGINE = InnoDB CHARACTER SET = utf8mb4 COLLATE = utf8mb4_general_ci ROW_FORMAT = Dynamic;

-- ----------------------------
-- Records of khachhang_roles
-- ----------------------------
INSERT INTO `khachhang_roles` VALUES ('huyhoang200423', 'CUSTOMER');
INSERT INTO `khachhang_roles` VALUES ('admin', 'ADMIN');
INSERT INTO `khachhang_roles` VALUES ('huyhoang200423s', 'CUSTOMER');
INSERT INTO `khachhang_roles` VALUES ('hoang2005', 'CUSTOMER');
INSERT INTO `khachhang_roles` VALUES ('hoang2005d', 'CUSTOMER');
INSERT INTO `khachhang_roles` VALUES ('hoang2005dd', 'CUSTOMER');
INSERT INTO `khachhang_roles` VALUES ('hoang2005ddd', 'CUSTOMER');
INSERT INTO `khachhang_roles` VALUES ('huyhoangdsfd', 'CUSTOMER');
INSERT INTO `khachhang_roles` VALUES ('huyhoangdsdfd', 'CUSTOMER');
INSERT INTO `khachhang_roles` VALUES ('huyhoangdsddfd', 'CUSTOMER');
INSERT INTO `khachhang_roles` VALUES ('huyhoandgdsddfd', 'CUSTOMER');
INSERT INTO `khachhang_roles` VALUES ('đcvadfad', 'CUSTOMER');
INSERT INTO `khachhang_roles` VALUES ('dsdcs', 'CUSTOMER');
INSERT INTO `khachhang_roles` VALUES ('tranhuyhoang200434', 'CUSTOMER');
INSERT INTO `khachhang_roles` VALUES ('tranhuyhoang2004sadf', 'CUSTOMER');
INSERT INTO `khachhang_roles` VALUES ('tranhuyhodfang2004', 'CUSTOMER');
INSERT INTO `khachhang_roles` VALUES ('quanquyen', 'CUSTOMER');
INSERT INTO `khachhang_roles` VALUES ('tranhuyhoang2004dsdd', 'CUSTOMER');
INSERT INTO `khachhang_roles` VALUES ('quanquyen2003', 'CUSTOMER');
INSERT INTO `khachhang_roles` VALUES ('quanquyen20033', 'CUSTOMER');
INSERT INTO `khachhang_roles` VALUES ('hoangdz2004', 'CUSTOMER');
INSERT INTO `khachhang_roles` VALUES ('tranhuyhoang20d04', 'CUSTOMER');
INSERT INTO `khachhang_roles` VALUES ('tranhuyhoang20d04d', 'CUSTOMER');

-- ----------------------------
-- Table structure for khuyen_mai
-- ----------------------------
DROP TABLE IF EXISTS `khuyen_mai`;
CREATE TABLE `khuyen_mai`  (
  `km_ma` varchar(255) CHARACTER SET utf8mb4 COLLATE utf8mb4_general_ci NOT NULL,
  `km_ten` varchar(255) CHARACTER SET utf8mb4 COLLATE utf8mb4_general_ci NULL DEFAULT NULL,
  `km_noidung` varchar(255) CHARACTER SET utf8mb4 COLLATE utf8mb4_general_ci NULL DEFAULT NULL,
  `km_tungay` date NULL DEFAULT NULL,
  `km_denngay` date NULL DEFAULT NULL,
  PRIMARY KEY (`km_ma`) USING BTREE
) ENGINE = InnoDB CHARACTER SET = utf8mb4 COLLATE = utf8mb4_general_ci ROW_FORMAT = Dynamic;

-- ----------------------------
-- Records of khuyen_mai
-- ----------------------------
INSERT INTO `khuyen_mai` VALUES ('KM001', 'Giảm giá 20% cho áo thun', NULL, '2024-10-01', '2024-10-31');
INSERT INTO `khuyen_mai` VALUES ('KM002', 'Mua 1 tặng 1 quần jeans', NULL, '2024-09-15', '2024-09-30');
INSERT INTO `khuyen_mai` VALUES ('KM003', 'Giảm giá 30% cho giày dép', NULL, '2024-09-20', '2024-10-20');

-- ----------------------------
-- Table structure for loai_san_pham
-- ----------------------------
DROP TABLE IF EXISTS `loai_san_pham`;
CREATE TABLE `loai_san_pham`  (
  `lsp_ma` varchar(255) CHARACTER SET utf8mb4 COLLATE utf8mb4_general_ci NOT NULL,
  `lsp_ten` varchar(255) CHARACTER SET utf8mb4 COLLATE utf8mb4_general_ci NULL DEFAULT NULL,
  `lsp_mota` varchar(255) CHARACTER SET utf8mb4 COLLATE utf8mb4_general_ci NULL DEFAULT NULL,
  PRIMARY KEY (`lsp_ma`) USING BTREE
) ENGINE = InnoDB CHARACTER SET = utf8mb4 COLLATE = utf8mb4_general_ci ROW_FORMAT = Dynamic;

-- ----------------------------
-- Records of loai_san_pham
-- ----------------------------
INSERT INTO `loai_san_pham` VALUES ('LSP001', 'Áo thun', 'Áo thun cotton thoáng mát, phù hợp cho mùa hè.');
INSERT INTO `loai_san_pham` VALUES ('LSP002', 'Quần jeans', 'Quần jeans dày dạn, bền và thời trang.');

-- ----------------------------
-- Table structure for nhan_vien
-- ----------------------------
DROP TABLE IF EXISTS `nhan_vien`;
CREATE TABLE `nhan_vien`  (
  `nv_ma` varchar(255) CHARACTER SET utf8mb4 COLLATE utf8mb4_general_ci NOT NULL,
  `nv_ten` varchar(255) CHARACTER SET utf8mb4 COLLATE utf8mb4_general_ci NULL DEFAULT NULL,
  `nv_diachỉ` char(1) CHARACTER SET utf8mb4 COLLATE utf8mb4_general_ci NULL DEFAULT NULL,
  `nv_email` varchar(255) CHARACTER SET utf8mb4 COLLATE utf8mb4_general_ci NULL DEFAULT NULL,
  `nv_username` varchar(255) CHARACTER SET utf8mb4 COLLATE utf8mb4_general_ci NULL DEFAULT NULL,
  `nv_password` varchar(255) CHARACTER SET utf8mb4 COLLATE utf8mb4_general_ci NULL DEFAULT NULL,
  `nv_ngayvao` varchar(255) CHARACTER SET utf8mb4 COLLATE utf8mb4_general_ci NULL DEFAULT NULL,
  `nv_luong` varchar(255) CHARACTER SET utf8mb4 COLLATE utf8mb4_general_ci NULL DEFAULT NULL,
  `nv_vaitro` varchar(255) CHARACTER SET utf8mb4 COLLATE utf8mb4_general_ci NULL DEFAULT NULL,
  `ch_ma` varchar(255) CHARACTER SET utf8mb4 COLLATE utf8mb4_general_ci NULL DEFAULT NULL,
  `nv_diachi` varchar(255) CHARACTER SET utf8mb4 COLLATE utf8mb4_general_ci NULL DEFAULT NULL,
  PRIMARY KEY (`nv_ma`) USING BTREE,
  INDEX `ch_ma`(`ch_ma` ASC) USING BTREE,
  CONSTRAINT `nhan_vien_ibfk_1` FOREIGN KEY (`ch_ma`) REFERENCES `cua_hang` (`ch_ma`) ON DELETE RESTRICT ON UPDATE RESTRICT
) ENGINE = InnoDB CHARACTER SET = utf8mb4 COLLATE = utf8mb4_general_ci ROW_FORMAT = Dynamic;

-- ----------------------------
-- Records of nhan_vien
-- ----------------------------

-- ----------------------------
-- Table structure for san_pham
-- ----------------------------
DROP TABLE IF EXISTS `san_pham`;
CREATE TABLE `san_pham`  (
  `sp_ma` int NOT NULL AUTO_INCREMENT,
  `sp_ten` varchar(255) CHARACTER SET utf8mb4 COLLATE utf8mb4_general_ci NULL DEFAULT NULL,
  `sp_gia` double NULL DEFAULT NULL,
  `sp_giacu` double NULL DEFAULT NULL,
  `sp_mota_ngan` varchar(255) CHARACTER SET utf8mb4 COLLATE utf8mb4_general_ci NULL DEFAULT NULL,
  `sp_mota_chitiet` text CHARACTER SET utf8mb4 COLLATE utf8mb4_general_ci NULL,
  `sp_ngaycapnhat` date NULL DEFAULT NULL,
  `sp_soluong` int NULL DEFAULT NULL,
  `dmc_ma` int NULL DEFAULT NULL,
  `km_ma` varchar(255) CHARACTER SET utf8mb4 COLLATE utf8mb4_general_ci NULL DEFAULT NULL,
  `lsp_ma` varchar(255) CHARACTER SET utf8mb4 COLLATE utf8mb4_general_ci NULL DEFAULT NULL,
  `gh_ma` int NULL DEFAULT NULL,
  `ch_ma` varchar(255) CHARACTER SET utf8mb4 COLLATE utf8mb4_general_ci NULL DEFAULT NULL,
  `sp_color` varchar(255) CHARACTER SET utf8mb4 COLLATE utf8mb4_general_ci NULL DEFAULT NULL,
  `sp_image` varchar(255) CHARACTER SET utf8mb4 COLLATE utf8mb4_general_ci NULL DEFAULT NULL,
  PRIMARY KEY (`sp_ma`) USING BTREE,
  INDEX `fk_dmc_ma`(`dmc_ma` ASC) USING BTREE,
  INDEX `fk_lsp_ma`(`lsp_ma` ASC) USING BTREE,
  INDEX `fk_gh_ma`(`gh_ma` ASC) USING BTREE,
  INDEX `fk_ch_ma`(`ch_ma` ASC) USING BTREE,
  INDEX `fk_km_ma`(`km_ma` ASC) USING BTREE,
  CONSTRAINT `fk_ch_ma` FOREIGN KEY (`ch_ma`) REFERENCES `cua_hang` (`ch_ma`) ON DELETE RESTRICT ON UPDATE RESTRICT,
  CONSTRAINT `fk_dmc_ma` FOREIGN KEY (`dmc_ma`) REFERENCES `danh_muc_con` (`dmc_ma`) ON DELETE RESTRICT ON UPDATE RESTRICT,
  CONSTRAINT `fk_gh_ma` FOREIGN KEY (`gh_ma`) REFERENCES `gio_hang` (`gh_ma`) ON DELETE RESTRICT ON UPDATE RESTRICT,
  CONSTRAINT `fk_km_ma` FOREIGN KEY (`km_ma`) REFERENCES `khuyen_mai` (`km_ma`) ON DELETE RESTRICT ON UPDATE RESTRICT,
  CONSTRAINT `fk_lsp_ma` FOREIGN KEY (`lsp_ma`) REFERENCES `loai_san_pham` (`lsp_ma`) ON DELETE RESTRICT ON UPDATE RESTRICT
) ENGINE = InnoDB AUTO_INCREMENT = 92 CHARACTER SET = utf8mb4 COLLATE = utf8mb4_general_ci ROW_FORMAT = Dynamic;

-- ----------------------------
-- Records of san_pham
-- ----------------------------
INSERT INTO `san_pham` VALUES (77, 'Áo sơ mi tay kiểu Sleeves', 100000, 200000, NULL, 'Hoàng đẹp trai vcl.', '2024-10-15', 50, 7, NULL, NULL, NULL, NULL, 'Ghi khói', NULL);
INSERT INTO `san_pham` VALUES (78, 'Áo sơ mi Tencel Blossom', 369000, 400000, 'Mang đậm vẻ đẹp tinh tế và thanh thoát, áo sơ mi Tencel Blossom là lựa chọn hoàn hảo cho nàng công sở hiện đại yêu thích phong cách nhẹ nhàng, nữ tính nhưng vẫn đầy thanh lịch.', 'Áo sơ mi mang đến một diện mạo mới mẻ, hiện đại trong phong cách thời trang công sở. Với thiết kế ôm vừa vặn, áo giúp tôn lên những đường nét cơ thể, tạo nên vẻ ngoài thon gọn và tinh tế cho người mặc. Chất liệu cao cấp cùng đường may tỉ mỉ, áo sơ mi không chỉ mang lại sự thoải mái mà còn thể hiện gu thẩm mỹ sang trọng, chuyên nghiệp. Dễ dàng kết hợp với nhiều loại trang phục khác nhau, áo sơ mi trở thành sự lựa chọn hoàn hảo cho những ai muốn thể hiện phong cách lịch lãm và tự tin nơi công sở.', '2024-10-15', 221, 7, NULL, NULL, NULL, NULL, 'Trắng', NULL);
INSERT INTO `san_pham` VALUES (79, 'Áo sơ mi lụa tay dài Grace', 599000, 799000, 'Tinh tế và thanh lịch, áo sơ mi Grace là một thiết kế hoàn hảo dành cho những cô nàng yêu thích phong cách thời trang sang trọng nhưng không kém phần dịu dàng. Được làm từ chất liệu lụa cao cấp, áo mang đến cảm giác mềm mại,', 'Áo sơ mi mang đến một diện mạo mới mẻ, hiện đại trong phong cách thời trang công sở. Với thiết kế ôm vừa vặn, áo giúp tôn lên những đường nét cơ thể, tạo nên vẻ ngoài thon gọn và tinh tế cho người mặc. Chất liệu cao cấp cùng đường may tỉ mỉ, áo sơ mi không chỉ mang lại sự thoải mái mà còn thể hiện gu thẩm mỹ sang trọng, chuyên nghiệp. Dễ dàng kết hợp với nhiều loại trang phục khác nhau, áo sơ mi trở thành sự lựa chọn hoàn hảo cho những ai muốn thể hiện phong cách lịch lãm và tự tin nơi công sở.', '2024-10-15', 130, 7, NULL, NULL, NULL, NULL, 'Trắng ngà', NULL);
INSERT INTO `san_pham` VALUES (80, 'Áo sơ mi Lụa Muse', 590000, 799000, 'Tinh tế và thanh lịch, áo sơ mi Grace là một thiết kế hoàn hảo dành cho những cô nàng yêu thích phong cách thời trang sang trọng nhưng không kém phần dịu dàng. Được làm từ chất liệu lụa cao cấp, áo mang đến cảm giác mềm mại,', 'Ánh nắng mùa thu, dù không còn chói chang, vẫn mang đến cảm giác ấm áp, nhẹ nhàng tựa như sự mềm mại và lãng mạn luôn hiện hữu bên trong mỗi người phụ nữ. Đây chính là nguồn cảm hứng chủ đạo cho những thiết kế tinh tế trong BST Muse of the Sun.\n\nÁo sơ mi Lụa Muse mang vẻ ngoài nhẹ nhàng, không quá cầu kì trong thiết kế nhưng khi diện lên lại toát nên sự sang trọng, vô cùng tinh tế. \n\nThiết kế tạo điểm nhấn kim tuyến phần viền cổ và túi giả, một chút đặc biệt đủ để áo trở nên nổi bật, gây ấn tượng ngay từ cái nhìn đầu tiên.\n\nChất liệu lụa mềm mại, kết hợp dáng tay dài thanh thoát giúp người mặc có trải nghiệm thoải mái cũng như thích hợp với tiết trời thu sang.', '2024-10-15', 340, 7, NULL, NULL, NULL, NULL, 'Đen', NULL);
INSERT INTO `san_pham` VALUES (81, 'Áo Polo Daily', 499000, 599000, 'Tinh tế và thanh lịch, áo sơ mi Grace là một thiết kế hoàn hảo dành cho những cô nàng yêu thích phong cách thời trang sang trọng nhưng không kém phần dịu dàng. Được làm từ chất liệu lụa cao cấp, áo mang đến cảm giác mềm mại,', 'Áo polo thời trang nữ linh hoạt và thoải mái. Thiết kế cổ đức có khuy cài, gấu tay bo nhẹ. \n\nÁo được làm từ chất liệu thun co giãn nhẹ, thoáng khí với đường may chắc chắn, tỉ mỉ tạo nên vẻ bền bỉ và chất lượng.\n\nDễ dàng kết hợp với nhiều kiểu quần như jean, chino hoặc chân váy, tạo nên phong cách thời trang xu hướng. ', '2024-10-15', 132, 8, NULL, NULL, NULL, NULL, 'Be', NULL);
INSERT INTO `san_pham` VALUES (82, 'Áo thun A la More', 299000, 499000, 'Tinh tế và thanh lịch, áo sơ mi Grace là một thiết kế hoàn hảo dành cho những cô nàng yêu thích phong cách thời trang sang trọng nhưng không kém phần dịu dàng. Được làm từ chất liệu lụa cao cấp, áo mang đến cảm giác mềm mại,', 'Áo được làm từ chất liệu cotton, giúp mang lại sự thoải mái và mềm mại cho người mặc.\n\nÁo thun cổ tròn, tay ngắn, dáng suông. Phần cổ áo được nhấn viền khác màu kết hợp chữ cùng họa tiết bắt mắt trên thân trước. \n\nThiết kế dễ dàng phối hợp với nhiều loại quần, từ jeans đến shorts, tạo ra những outfits phù hợp cho nhiều dịp khác nhau.', '2024-10-15', 84, 8, NULL, NULL, NULL, NULL, 'Đen', NULL);
INSERT INTO `san_pham` VALUES (83, 'Áo thun viền cổ tay ren', 399000, 599000, 'Áo thun cổ tròn, tay ngắn, độ dài thường, dáng suông cơ bản', 'Áo thun cổ tròn, tay ngắn, độ dài thường, dáng suông cơ bản. \nÁo có màu trắng, tạo điểm tương phản nổi bật qua đường viền cổ sắc nét. Tay áo tạo điểm nhấn qua chi tiết phối ren độc đáo, mới lạ.\nÁo có thể mix cùng nhiều kiểu quần, chân váy khác nhau phù hợp với phong cách thời trang riêng mỗi người. ', '2024-10-15', 89, 8, NULL, NULL, NULL, NULL, 'Trắng', NULL);
INSERT INTO `san_pham` VALUES (84, 'Áo khoác len kẻ', 400000, 590000, '', 'Thêm chút hiện đại qua kiểu dáng trẻ trung sẽ tạo nên phiên bản hoàn hảo cho chiếc áo len Thu - Đông năm nay. Áo khoác dáng suông, tay dài, đan len phối hai màu tươi sáng. Bạn có thể kết hợp áo với nhiều kiểu quần và chân váy khác nhau. Nếu thời tiết lạnh chỉ cần thêm một áo khoác ngoài là đã có ngay một set đồ xuống phố.  ', '2024-10-15', 56, 10, NULL, NULL, NULL, NULL, 'Kẻ cam đất', NULL);
INSERT INTO `san_pham` VALUES (85, 'Áo khoác len kẻ', 299000, 300000, '', 'Thêm chút hiện đại qua kiểu dáng trẻ trung sẽ tạo nên phiên bản hoàn hảo cho chiếc áo len Thu - Đông năm nay. Áo khoác dáng suông, tay dài, đan len phối hai màu tươi sáng. Bạn có thể kết hợp áo với nhiều kiểu quần và chân váy khác nhau. Nếu thời tiết lạnh chỉ cần thêm một áo khoác ngoài là đã có ngay một set đồ xuống phố.  ', '2024-10-15', 54, 10, NULL, NULL, NULL, NULL, 'Kẻ xanh dương đậm', NULL);
INSERT INTO `san_pham` VALUES (86, 'Áo khoác Tweed cổ V Flare', 400000, 430000, '', 'Áo khoác Flare là thiết kế IVY moda lựa chọn cho những cô nàng yêu thích phong cách thanh lịch, sang trọng nhưng vẫn giữ được sự mềm mại, nữ tính trong mùa Thu Đông tới đây.\n\nVới chất liệu tweed dày dặn, cao cấp, chiếc áo không chỉ thích hợp với thời tiết giao mùa mà còn giữ được form dáng hoàn hảo, tạo nên vẻ ngoài tinh tế và thời thượng.\n\nThiết kế cổ V thanh thoát bên cạnh dáng suông ngắn đã tạo nên tổng thể hài hòa, đảm bảo tính thoải mái. Áo dễ dàng kết hợp với váy bút chì, quần jeans hoặc quần tây, để tạo nên nhiều phong cách khác nhau, từ công sở chuyên nghiệp đến dạo phố ngày thường. ', '2024-10-15', 43, 11, NULL, NULL, NULL, NULL, 'Kẻ trắng ngà', NULL);
INSERT INTO `san_pham` VALUES (87, 'Áo khoác Tweed Elegance', 400000, 400000, '', 'Kết hợp giữa phong cách cổ điển và hiện đại, chiếc Áo khoác Elegance mang lại vẻ ngoài sang trọng, thanh lịch. Chất liệu tweed có kết cấu dày dặn, là lựa chọn lý tưởng cho những ngày thu đông, giúp bạn vừa giữ ấm vừa nổi bật cùng phong cách thời thượng.\n\nThiết kế cổ đức cổ điển bên cạnh dáng suông thoải mái mang đến sự chỉn chu, tinh tế. Độ dài áo ngang hông tạo cảm giác gọn gàng, hiện đại, rất dễ phối với nhiều trang phục khác nhau. Họa tiết kẻ sọc hai tông màu đen trắng nổi bật, hứa hẹn đi đầu xu hướng thời trang Thu Đông năm nay. \n\nÁo khoác Tweed Elegance dễ dàng phối hợp cùng váy, quần jeans hay quần âu, thể hiện phong cách thời trang kiểu mới và phù hợp cho nhiều hoàn cảnh từ công sở đến các buổi gặp gỡ trang trọng.', '2024-10-15', 120, 11, NULL, NULL, NULL, NULL, '', NULL);
INSERT INTO `san_pham` VALUES (88, 'Little Tweed Jacket', 400000, 400000, '', 'Áo khoác Little Tweed Jacket là sự kế thừa vẻ tinh tế của chiếc áo khoác tweed cổ điển: cổ tròn, viền bằng vải vặn thừng khác màu, 2 nắp túi phía trước', '2024-10-15', 130, 11, NULL, NULL, NULL, NULL, 'Đen', NULL);
INSERT INTO `san_pham` VALUES (89, 'Áo vest Tweed Kose', 300000, 300000, '', 'Ánh nắng mùa thu, dù không còn chói chang, vẫn mang đến cảm giác ấm áp, nhẹ nhàng tựa như sự mềm mại và lãng mạn luôn hiện hữu bên trong mỗi người phụ nữ. Đây chính là nguồn cảm hứng chủ đạo cho những thiết kế tinh tế trong BST Muse of the Sun.\n\nMỗi thiết kế công sở hiện đại trên gam màu vàng nhạt của sắc thu mang đến cảm giác vừa ấm áp vừa dịu mắt, như tia nắng lấp lánh trên từng trang phục.\n\nÁo vest Tweed Kose là một thiết kế thanh lịch và hiện đại, mang đến vẻ ngoài sang trọng với chất liệu tweed cao cấp, bền bỉ. \n\nThiết kế cổ đức không chân mang đến sự tinh tế, mới mẻ, giúp chiếc áo vừa giữ được nét trang trọng của vest nhưng vẫn tạo cảm giác nhẹ nhàng, thoải mái cho người mặc. Độ dài ngang hông tôn dáng, cân đối và dễ phối đồ. Với kiểu dáng này, bạn có thể dễ dàng kết hợp áo vest với áo sơ mi, chân váy, quần tây hay quần jeans để tạo nên phong cách từ chuyên nghiệp đến thời trang đường phố.', '2024-10-15', 120, 11, NULL, NULL, NULL, NULL, 'Kẻ be sáng', NULL);
INSERT INTO `san_pham` VALUES (91, 'Apple iMac 27“', 43543, 44353, '', 'sfgf', '2024-10-19', 45, 8, NULL, NULL, NULL, NULL, 'Đỏ', NULL);

-- ----------------------------
-- Table structure for tin_tuc
-- ----------------------------
DROP TABLE IF EXISTS `tin_tuc`;
CREATE TABLE `tin_tuc`  (
  `tt_ma` int NOT NULL AUTO_INCREMENT,
  `tt_tieude` char(1) CHARACTER SET utf8mb4 COLLATE utf8mb4_general_ci NULL DEFAULT NULL,
  `tt_hinhanh` char(1) CHARACTER SET utf8mb4 COLLATE utf8mb4_general_ci NULL DEFAULT NULL,
  `tt_noidung` char(1) CHARACTER SET utf8mb4 COLLATE utf8mb4_general_ci NULL DEFAULT NULL,
  `tt_thoigian` char(1) CHARACTER SET utf8mb4 COLLATE utf8mb4_general_ci NULL DEFAULT NULL,
  `nv_ma` varchar(30) CHARACTER SET utf8mb4 COLLATE utf8mb4_general_ci NULL DEFAULT NULL,
  PRIMARY KEY (`tt_ma`) USING BTREE,
  INDEX `nv_ma`(`nv_ma` ASC) USING BTREE,
  CONSTRAINT `tin_tuc_ibfk_1` FOREIGN KEY (`nv_ma`) REFERENCES `nhan_vien` (`nv_ma`) ON DELETE RESTRICT ON UPDATE RESTRICT
) ENGINE = InnoDB AUTO_INCREMENT = 1 CHARACTER SET = utf8mb4 COLLATE = utf8mb4_general_ci ROW_FORMAT = Dynamic;

-- ----------------------------
-- Records of tin_tuc
-- ----------------------------

SET FOREIGN_KEY_CHECKS = 1;
